"severity","dimension","code","name","stage","detail"
"debt","deepVerification.notApproved","1301","極洋","core","status=not_started, stars=3"
"debt","deepVerification.notApproved","130A","Ｖｅｒｉｔａｓ Ｉｎ Ｓｉｌｉｃｏ","core","status=not_started, stars=2"
"debt","deepVerification.notApproved","1332","ニッスイ","core","status=not_started, stars=3"
"debt","deepVerification.notApproved","1333","Ｕｍｉｏｓ","core","status=not_started, stars=2"
"debt","deepVerification.notApproved","135A","ＶＲＡＩＮ Ｓｏｌｕｔｉｏｎ","core","status=not_started, stars=2"
"debt","deepVerification.notApproved","1375","ユキグニファクトリー","core","status=not_started, stars=3"
"debt","deepVerification.notApproved","1376","カネコ種苗","core","status=not_started, stars=3"
"debt","deepVerification.notApproved","1377","サカタのタネ","core","status=not_started, stars=3"
"debt","deepVerification.notApproved","1379","ホクト","core","status=not_started, stars=2"
"debt","deepVerification.notApproved","137A","Ｃｏｃｏｌｉｖｅ","core","status=not_started, stars=2"
"debt","deepVerification.notApproved","1380","秋川牧園","core","status=not_started, stars=2"
"debt","deepVerification.notApproved","1381","アクシーズ","core","status=not_started, stars=2"
"debt","deepVerification.notApproved","1382","ホーブ","core","status=not_started, stars=2"
"debt","deepVerification.notApproved","1383","ベルグアース","core","status=not_started, stars=2"
"debt","deepVerification.notApproved","1384","ホクリヨウ","core","status=not_started, stars=2"
"debt","deepVerification.notApproved","138A","光フードサービス","core","status=not_started, stars=2"
"debt","deepVerification.notApproved","1401","エムビーエス","core","status=not_started, stars=2"
"debt","deepVerification.notApproved","1407","ウエストホールディングス","core","status=not_started, stars=2"
"debt","deepVerification.notApproved","1414","ショーボンドホールディングス","core","status=not_started, stars=3"
"debt","deepVerification.notApproved","1417","ミライト・ワン","core","status=not_started, stars=3"
"debt","deepVerification.notApproved","1418","インターライフホールディングス","core","status=not_started, stars=2"
"debt","deepVerification.notApproved","1419","タマホーム","core","status=not_started, stars=3"
"debt","deepVerification.notApproved","141A","トライアルホールディングス","core","status=not_started, stars=2"
"debt","deepVerification.notApproved","1420","サンヨーホームズ","core","status=not_started, stars=2"
"debt","deepVerification.notApproved","1429","日本アクア","core","status=not_started, stars=2"
"debt","deepVerification.notApproved","142A","ジンジブ","core","status=not_started, stars=2"
"debt","deepVerification.notApproved","1430","ファーストコーポレーション","core","status=not_started, stars=2"
"debt","deepVerification.notApproved","1431","Ｌｉｂ　Ｗｏｒｋ","core","status=not_started, stars=2"
"debt","deepVerification.notApproved","1433","ベステラ","core","status=not_started, stars=2"
"debt","deepVerification.notApproved","1434","ＪＥＳＣＯホールディングス","core","status=not_started, stars=2"
"debt","deepVerification.notApproved","1435","ｒｏｂｏｔ　ｈｏｍｅ","core","status=not_started, stars=2"
"debt","deepVerification.notApproved","1436","グリーンエナジー＆カンパニー","core","status=not_started, stars=2"
"debt","deepVerification.notApproved","1438","岐阜造園","core","status=not_started, stars=2"
"debt","deepVerification.notApproved","143A","イシン","core","status=not_started, stars=2"
"debt","deepVerification.notApproved","1443","技研ホールディングス","core","status=not_started, stars=2"
"debt","deepVerification.notApproved","1444","ニッソウ","core","status=not_started, stars=2"
"debt","deepVerification.notApproved","1446","キャンディル","core","status=not_started, stars=2"
"debt","deepVerification.notApproved","1447","ＳＡＡＦホールディングス","core","status=not_started, stars=2"
"debt","deepVerification.notApproved","1450","ＴＡＮＡＫＥＮ","core","status=not_started, stars=2"
"debt","deepVerification.notApproved","145A","Ｌ ｉｓ Ｂ","core","status=not_started, stars=2"
"debt","deepVerification.notApproved","146A","コロンビア・ワークス","core","status=not_started, stars=2"
"debt","deepVerification.notApproved","147A","ソラコム","core","status=not_started, stars=3"
"debt","deepVerification.notApproved","148A","ハッチ・ワーク","core","status=not_started, stars=2"
"debt","deepVerification.notApproved","1491","中外鉱業","core","status=not_started, stars=2"
"debt","deepVerification.notApproved","149A","シンカ","core","status=not_started, stars=2"
"debt","deepVerification.notApproved","150A","ＪＳＨ","core","status=not_started, stars=2"
"debt","deepVerification.notApproved","1514","住石ホールディングス","core","status=not_started, stars=2"
"debt","deepVerification.notApproved","1515","日鉄鉱業","core","status=not_started, stars=2"
"debt","deepVerification.notApproved","1518","三井松島ホールディングス","core","status=not_started, stars=2"
"debt","deepVerification.notApproved","151A","ダイブ","core","status=not_started, stars=2"
"debt","deepVerification.notApproved","153A","カウリス","core","status=not_started, stars=2"
"debt","deepVerification.notApproved","155A","情報戦略テクノロジー","core","status=not_started, stars=2"
"debt","deepVerification.notApproved","156A","マテリアルグループ","core","status=not_started, stars=2"
"debt","deepVerification.notApproved","157A","グリーンモンスター","core","status=not_started, stars=2"
"debt","deepVerification.notApproved","1605","ＩＮＰＥＸ","core","status=not_started, stars=2"
"debt","deepVerification.notApproved","160A","アズパートナーズ","core","status=not_started, stars=2"
"debt","deepVerification.notApproved","1662","石油資源開発","core","status=not_started, stars=2"
"debt","deepVerification.notApproved","1663","Ｋ＆Ｏエナジーグループ","core","status=not_started, stars=2"
"debt","deepVerification.notApproved","166A","タスキホールディングス","core","status=not_started, stars=2"
"debt","deepVerification.notApproved","167A","リョーサン菱洋ホールディングス","core","status=not_started, stars=3"
"debt","deepVerification.notApproved","168A","イタミアート","core","status=not_started, stars=2"
"debt","deepVerification.notApproved","1711","ＳＤＳホールディングス","core","status=not_started, stars=2"
"debt","deepVerification.notApproved","1716","第一カッター興業","core","status=not_started, stars=2"
"debt","deepVerification.notApproved","1717","明豊ファシリティワークス","core","status=not_started, stars=2"
"debt","deepVerification.notApproved","1718","美樹工業","core","status=not_started, stars=2"
"debt","deepVerification.notApproved","1719","安藤・間","core","status=not_started, stars=2"
"debt","deepVerification.notApproved","1720","東急建設","core","status=not_started, stars=2"
"debt","deepVerification.notApproved","1721","コムシスホールディングス","core","status=not_started, stars=3"
"debt","deepVerification.notApproved","1723","日本電技","core","status=not_started, stars=2"
"debt","deepVerification.notApproved","1724","シンクレイヤ","core","status=not_started, stars=2"
"debt","deepVerification.notApproved","1736","オーテック","core","status=not_started, stars=2"
"debt","deepVerification.notApproved","173A","ハンモック","core","status=not_started, stars=2"
"debt","deepVerification.notApproved","1758","太洋基礎工業","core","status=not_started, stars=2"
"debt","deepVerification.notApproved","175A","Will Smart","core","status=not_started, stars=3"
"debt","deepVerification.notApproved","1762","高松コンストラクショングループ","core","status=not_started, stars=2"
"debt","deepVerification.notApproved","1764","工藤建設","core","status=not_started, stars=2"
"debt","deepVerification.notApproved","1766","東建コーポレーション","core","status=not_started, stars=2"
"debt","deepVerification.notApproved","1768","ソネック","core","status=not_started, stars=2"
"debt","deepVerification.notApproved","1770","藤田エンジニアリング","core","status=not_started, stars=2"
"debt","deepVerification.notApproved","177A","コージンバイオ","core","status=not_started, stars=2"
"debt","deepVerification.notApproved","1780","ヤマウラ","core","status=not_started, stars=2"
"debt","deepVerification.notApproved","1783","ｆａｎｔａｓｉｓｔａ","core","status=not_started, stars=2"
"debt","deepVerification.notApproved","1786","オリエンタル白石","core","status=not_started, stars=2"
"debt","deepVerification.notApproved","1787","ナカボーテック","core","status=not_started, stars=2"
"debt","deepVerification.notApproved","1788","三東工業社","core","status=not_started, stars=2"
"debt","deepVerification.notApproved","1793","大本組","core","status=not_started, stars=2"
"debt","deepVerification.notApproved","1795","マサル","core","status=not_started, stars=2"
"debt","deepVerification.notApproved","1798","守谷商会","core","status=not_started, stars=2"
"debt","deepVerification.notApproved","1799","第一建設工業","core","status=not_started, stars=2"
"debt","deepVerification.notApproved","1801","大成建設","core","status=not_started, stars=3"
"debt","deepVerification.notApproved","1802","大林組","core","status=not_started, stars=3"
"debt","deepVerification.notApproved","1803","清水建設","core","status=not_started, stars=3"
"debt","deepVerification.notApproved","1807","佐藤渡辺","core","status=not_started, stars=2"
"debt","deepVerification.notApproved","1808","長谷工コーポレーション","core","status=not_started, stars=2"
"debt","deepVerification.notApproved","1810","松井建設","core","status=not_started, stars=2"
"debt","deepVerification.notApproved","1811","錢高組","core","status=not_started, stars=2"
"debt","deepVerification.notApproved","1812","鹿島建設","core","status=not_started, stars=3"
"debt","deepVerification.notApproved","1813","不動テトラ","core","status=not_started, stars=2"
"debt","deepVerification.notApproved","1814","大末建設","core","status=not_started, stars=2"
"debt","deepVerification.notApproved","1815","鉄建建設","core","status=not_started, stars=2"
"debt","deepVerification.notApproved","1820","西松建設","core","status=not_started, stars=2"
"debt","deepVerification.notApproved","1822","大豊建設","core","status=not_started, stars=2"
"debt","deepVerification.notApproved","1826","佐田建設","core","status=not_started, stars=2"
"debt","deepVerification.notApproved","1827","ナカノフドー建設","core","status=not_started, stars=2"
"debt","deepVerification.notApproved","1828","田辺工業","core","status=not_started, stars=2"
"debt","deepVerification.notApproved","1833","奥村組","core","status=not_started, stars=2"
"debt","deepVerification.notApproved","1835","東鉄工業","core","status=not_started, stars=2"
"debt","deepVerification.notApproved","1840","土屋ホールディングス","core","status=not_started, stars=2"
"debt","deepVerification.notApproved","1844","大盛工業","core","status=not_started, stars=2"
"debt","deepVerification.notApproved","1847","イチケン","core","status=not_started, stars=2"
"debt","deepVerification.notApproved","1848","富士ピー・エス","core","status=not_started, stars=2"
"debt","deepVerification.notApproved","184A","学びエイド","core","status=not_started, stars=2"
"debt","deepVerification.notApproved","1850","南海辰村建設","core","status=not_started, stars=2"
"debt","deepVerification.notApproved","1852","淺沼組","core","status=not_started, stars=2"
"debt","deepVerification.notApproved","1853","森組","core","status=not_started, stars=2"
"debt","deepVerification.notApproved","1860","戸田建設","core","status=not_started, stars=2"
"debt","deepVerification.notApproved","1861","熊谷組","core","status=not_started, stars=2"
"debt","deepVerification.notApproved","1866","北野建設","core","status=not_started, stars=2"
"debt","deepVerification.notApproved","1867","植木組","core","status=not_started, stars=2"
"debt","deepVerification.notApproved","186A","アストロスケールホールディングス","core","status=not_started, stars=2"
"debt","deepVerification.notApproved","1870","矢作建設工業","core","status=not_started, stars=2"
"debt","deepVerification.notApproved","1871","ピーエス・コンストラクション","core","status=not_started, stars=2"
"debt","deepVerification.notApproved","1873","日本ハウスホールディングス","core","status=not_started, stars=2"
"debt","deepVerification.notApproved","1878","大東建託","core","status=not_started, stars=2"
"debt","deepVerification.notApproved","1879","新日本建設","core","status=not_started, stars=2"
"debt","deepVerification.notApproved","1882","東亜道路工業","core","status=not_started, stars=2"
"debt","deepVerification.notApproved","1885","東亜建設工業","core","status=not_started, stars=2"
"debt","deepVerification.notApproved","1887","日本国土開発","core","status=not_started, stars=2"
"debt","deepVerification.notApproved","1888","若築建設","core","status=not_started, stars=2"
"debt","deepVerification.notApproved","1893","五洋建設","core","status=not_started, stars=2"
"debt","deepVerification.notApproved","1897","金下建設","core","status=not_started, stars=2"
"debt","deepVerification.notApproved","1898","世紀東急工業","core","status=not_started, stars=2"
"debt","deepVerification.notApproved","1899","福田組","core","status=not_started, stars=2"
"debt","deepVerification.notApproved","189A","Ｄ＆Ｍカンパニー","core","status=not_started, stars=2"
"debt","deepVerification.notApproved","1904","大成温調","core","status=not_started, stars=2"
"debt","deepVerification.notApproved","1905","テノックス","core","status=not_started, stars=2"
"debt","deepVerification.notApproved","1909","日本ドライケミカル","core","status=not_started, stars=2"
"debt","deepVerification.notApproved","190A","Ｃｈｏｒｄｉａ Ｔｈｅｒａｐｅｕｔｉｃｓ","core","status=not_started, stars=2"
"debt","deepVerification.notApproved","1911","住友林業","core","status=not_started, stars=2"
"debt","deepVerification.notApproved","1914","日本基礎技術","core","status=not_started, stars=2"
"debt","deepVerification.notApproved","1921","巴コーポレーション","core","status=not_started, stars=2"
"debt","deepVerification.notApproved","1925","大和ハウス工業","core","status=not_started, stars=3"
"debt","deepVerification.notApproved","1926","ライト工業","core","status=not_started, stars=2"
"debt","deepVerification.notApproved","1928","積水ハウス","core","status=not_started, stars=3"
"debt","deepVerification.notApproved","1929","日特建設","core","status=not_started, stars=2"
"debt","deepVerification.notApproved","192A","インテグループ","core","status=not_started, stars=2"
"debt","deepVerification.notApproved","1930","北陸電気工事","core","status=not_started, stars=2"
"debt","deepVerification.notApproved","1934","ユアテック","core","status=not_started, stars=2"
"debt","deepVerification.notApproved","1938","日本リーテック","core","status=not_started, stars=2"
"debt","deepVerification.notApproved","1939","四電工","core","status=not_started, stars=2"
"debt","deepVerification.notApproved","1941","中電工","core","status=not_started, stars=2"
"debt","deepVerification.notApproved","1942","関電工","core","status=not_started, stars=2"
"debt","deepVerification.notApproved","1944","きんでん","core","status=not_started, stars=2"
"debt","deepVerification.notApproved","1945","東京エネシス","core","status=not_started, stars=2"
"debt","deepVerification.notApproved","1946","トーエネック","core","status=not_started, stars=2"
"debt","deepVerification.notApproved","1948","弘電社","core","status=not_started, stars=2"
"debt","deepVerification.notApproved","194A","ＷＯＬＶＥＳ ＨＡＮＤ","core","status=not_started, stars=2"
"debt","deepVerification.notApproved","1950","日本電設工業","core","status=not_started, stars=2"
"debt","deepVerification.notApproved","1951","エクシオグループ","core","status=not_started, stars=2"
"debt","deepVerification.notApproved","1952","新日本空調","core","status=not_started, stars=2"
"debt","deepVerification.notApproved","1959","クラフティア","core","status=not_started, stars=2"
"debt","deepVerification.notApproved","195A","ＭＵＳＣＡＴ ＧＲＯＵＰ","core","status=not_started, stars=2"
"debt","deepVerification.notApproved","1960","サンテック","core","status=not_started, stars=2"
"debt","deepVerification.notApproved","1961","三機工業","core","status=not_started, stars=2"
"debt","deepVerification.notApproved","1963","日揮ホールディングス","core","status=not_started, stars=2"
"debt","deepVerification.notApproved","1964","中外炉工業","core","status=not_started, stars=2"
"debt","deepVerification.notApproved","1965","テクノ菱和","core","status=not_started, stars=2"
"debt","deepVerification.notApproved","1966","高田工業所","core","status=not_started, stars=2"
"debt","deepVerification.notApproved","1967","ヤマト","core","status=not_started, stars=2"
"debt","deepVerification.notApproved","1968","太平電業","core","status=not_started, stars=2"
"debt","deepVerification.notApproved","1969","高砂熱学工業","core","status=not_started, stars=2"
"debt","deepVerification.notApproved","196A","ＭＦＳ","core","status=not_started, stars=2"
"debt","deepVerification.notApproved","1972","三晃金属工業","core","status=not_started, stars=2"
"debt","deepVerification.notApproved","1975","朝日工業社","core","status=not_started, stars=2"
"debt","deepVerification.notApproved","1976","明星工業","core","status=not_started, stars=2"
"debt","deepVerification.notApproved","1979","大氣社","core","status=not_started, stars=2"
"debt","deepVerification.notApproved","197A","タウンズ","core","status=not_started, stars=2"
"debt","deepVerification.notApproved","1980","ダイダン","core","status=not_started, stars=2"
"debt","deepVerification.notApproved","1981","協和日成","core","status=not_started, stars=2"
"debt","deepVerification.notApproved","1982","日比谷総合設備","core","status=not_started, stars=2"
"debt","deepVerification.notApproved","198A","ＰｏｓｔＰｒｉｍｅ","core","status=not_started, stars=2"
"debt","deepVerification.notApproved","1992","神田通信機","core","status=not_started, stars=2"
"debt","deepVerification.notApproved","1994","高橋カーテンウォール工業","core","status=not_started, stars=2"
"debt","deepVerification.notApproved","1997","暁飯島工業","core","status=not_started, stars=2"
"debt","deepVerification.notApproved","2001","ニップン","core","status=not_started, stars=2"
"debt","deepVerification.notApproved","2002","日清製粉グループ本社","core","status=not_started, stars=3"
"debt","deepVerification.notApproved","2003","日東富士製粉","core","status=not_started, stars=2"
"debt","deepVerification.notApproved","2004","昭和産業","core","status=not_started, stars=2"
"debt","deepVerification.notApproved","2009","鳥越製粉","core","status=not_started, stars=2"
"debt","deepVerification.notApproved","2053","中部飼料","core","status=not_started, stars=2"
"debt","deepVerification.notApproved","2055","日和産業","core","status=not_started, stars=2"
"debt","deepVerification.notApproved","205A","ロゴスホールディングス","core","status=not_started, stars=2"
"debt","deepVerification.notApproved","2060","フィード・ワン","core","status=not_started, stars=2"
"debt","deepVerification.notApproved","206A","ＰＲＩＳＭ ＢｉｏＬａｂ","core","status=not_started, stars=2"
"debt","deepVerification.notApproved","208A","構造計画研究所ホールディングス","core","status=not_started, stars=2"
"debt","deepVerification.notApproved","2108","日本甜菜製糖","core","status=not_started, stars=2"
"debt","deepVerification.notApproved","2109","ＤＭ三井製糖","core","status=not_started, stars=2"
"debt","deepVerification.notApproved","2112","塩水港精糖","core","status=not_started, stars=2"
"debt","deepVerification.notApproved","2114","フジ日本","core","status=not_started, stars=2"
"debt","deepVerification.notApproved","2117","ウェルネオシュガー","core","status=not_started, stars=2"
"debt","deepVerification.notApproved","211A","カドス・コーポレーション","core","status=not_started, stars=2"
"debt","deepVerification.notApproved","2120","ＬＩＦＵＬＬ","core","status=not_started, stars=2"
"debt","deepVerification.notApproved","2121","ＭＩＸＩ","core","status=not_started, stars=3"
"debt","deepVerification.notApproved","2122","インタースペース","core","status=not_started, stars=2"
"debt","deepVerification.notApproved","2124","ジェイエイシーリクルートメント","core","status=not_started, stars=2"
"debt","deepVerification.notApproved","2127","日本Ｍ＆Ａセンターホールディングス","core","status=not_started, stars=3"
"debt","deepVerification.notApproved","212A","フィットイージー","core","status=not_started, stars=2"
"debt","deepVerification.notApproved","2130","メンバーズ","core","status=not_started, stars=2"
"debt","deepVerification.notApproved","2134","北浜キャピタルパートナーズ","core","status=not_started, stars=2"
"debt","deepVerification.notApproved","2136","ヒップ","core","status=not_started, stars=2"
"debt","deepVerification.notApproved","2138","クルーズ","core","status=not_started, stars=2"
"debt","deepVerification.notApproved","2139","中広","core","status=not_started, stars=2"
"debt","deepVerification.notApproved","2146","ＵＴグループ","core","status=not_started, stars=3"
"debt","deepVerification.notApproved","2148","アイティメディア","core","status=not_started, stars=2"
"debt","deepVerification.notApproved","2152","幼児活動研究会","core","status=not_started, stars=2"
"debt","deepVerification.notApproved","2153","Ｅ・Ｊホールディングス","core","status=not_started, stars=3"
"debt","deepVerification.notApproved","2154","オープンアップグループ","core","status=not_started, stars=3"
"debt","deepVerification.notApproved","2156","セーラー広告","core","status=not_started, stars=2"
"debt","deepVerification.notApproved","2157","コシダカホールディングス","core","status=not_started, stars=3"
"debt","deepVerification.notApproved","2158","ＦＲＯＮＴＥＯ","core","status=not_started, stars=2"
"debt","deepVerification.notApproved","215A","タイミー","core","status=not_started, stars=3"
"debt","deepVerification.notApproved","2160","ジーエヌアイグループ","core","status=not_started, stars=3"
"debt","deepVerification.notApproved","2162","ｎｍｓ ホールディングス","core","status=not_started, stars=2"
"debt","deepVerification.notApproved","2163","アルトナー","core","status=not_started, stars=2"
"debt","deepVerification.notApproved","2164","地域新聞社","core","status=not_started, stars=2"
"debt","deepVerification.notApproved","2168","パソナグループ","core","status=not_started, stars=3"
"debt","deepVerification.notApproved","2169","ＣＤＳ","core","status=not_started, stars=2"
"debt","deepVerification.notApproved","2170","リンクアンドモチベーション","core","status=not_started, stars=2"
"debt","deepVerification.notApproved","2173","博展","core","status=not_started, stars=2"
"debt","deepVerification.notApproved","2175","エス・エム・エス","core","status=not_started, stars=2"
"debt","deepVerification.notApproved","2179","成学社","core","status=not_started, stars=2"
"debt","deepVerification.notApproved","2180","サニーサイドアップグループ","core","status=not_started, stars=2"
"debt","deepVerification.notApproved","2181","パーソルホールディングス","core","status=not_started, stars=3"
"debt","deepVerification.notApproved","2183","リニカル","core","status=not_started, stars=2"
"debt","deepVerification.notApproved","2185","シイエム・シイ","core","status=not_started, stars=2"
"debt","deepVerification.notApproved","2186","ソーバル","core","status=not_started, stars=2"
"debt","deepVerification.notApproved","218A","Ｌｉｂｅｒａｗａｒｅ","core","status=not_started, stars=2"
"debt","deepVerification.notApproved","2193","クックパッド","core","status=not_started, stars=2"
"debt","deepVerification.notApproved","2195","アミタホールディングス","core","status=not_started, stars=2"
"debt","deepVerification.notApproved","2198","アイ・ケイ・ケイホールディングス","core","status=not_started, stars=2"
"debt","deepVerification.notApproved","219A","Ｈｅａｒｔｓｅｅｄ","core","status=not_started, stars=2"
"debt","deepVerification.notApproved","2201","森永製菓","core","status=not_started, stars=2"
"debt","deepVerification.notApproved","2204","中村屋","core","status=not_started, stars=2"
"debt","deepVerification.notApproved","2206","江崎グリコ","core","status=not_started, stars=2"
"debt","deepVerification.notApproved","2207","ｍｅｉｔｏ","core","status=not_started, stars=2"
"debt","deepVerification.notApproved","2208","ブルボン","core","status=not_started, stars=2"
"debt","deepVerification.notApproved","2209","井村屋グループ","core","status=not_started, stars=2"
"debt","deepVerification.notApproved","220A","Ｆａｂｅｒ Ｃｏｍｐａｎｙ","core","status=not_started, stars=2"
"debt","deepVerification.notApproved","2211","不二家","core","status=not_started, stars=2"
"debt","deepVerification.notApproved","2212","山崎製パン","core","status=not_started, stars=2"
"debt","deepVerification.notApproved","2215","第一屋製パン","core","status=not_started, stars=2"
"debt","deepVerification.notApproved","2216","カンロ","core","status=not_started, stars=2"
"debt","deepVerification.notApproved","2217","モロゾフ","core","status=not_started, stars=2"
"debt","deepVerification.notApproved","2220","亀田製菓","core","status=not_started, stars=2"
"debt","deepVerification.notApproved","2221","岩塚製菓","core","status=not_started, stars=2"
"debt","deepVerification.notApproved","2222","寿スピリッツ","core","status=not_started, stars=2"
"debt","deepVerification.notApproved","2224","コモ","core","status=not_started, stars=2"
"debt","deepVerification.notApproved","2226","湖池屋","core","status=not_started, stars=2"
"debt","deepVerification.notApproved","2229","カルビー","core","status=not_started, stars=2"
"debt","deepVerification.notApproved","2264","森永乳業","core","status=not_started, stars=2"
"debt","deepVerification.notApproved","2266","六甲バター","core","status=not_started, stars=2"
"debt","deepVerification.notApproved","2267","ヤクルト本社","core","status=not_started, stars=3"
"debt","deepVerification.notApproved","2268","Ｂ－Ｒ サーティワン アイスクリーム","core","status=not_started, stars=2"
"debt","deepVerification.notApproved","2269","明治ホールディングス","core","status=not_started, stars=3"
"debt","deepVerification.notApproved","2270","雪印メグミルク","core","status=not_started, stars=2"
"debt","deepVerification.notApproved","2281","プリマハム","core","status=not_started, stars=2"
"debt","deepVerification.notApproved","2282","日本ハム","core","status=not_started, stars=3"
"debt","deepVerification.notApproved","2286","林兼産業","core","status=not_started, stars=2"
"debt","deepVerification.notApproved","2288","丸大食品","core","status=not_started, stars=2"
"debt","deepVerification.notApproved","228A","オプロ","core","status=not_started, stars=2"
"debt","deepVerification.notApproved","2291","福留ハム","core","status=not_started, stars=2"
"debt","deepVerification.notApproved","2292","Ｓ Ｆｏｏｄｓ","core","status=not_started, stars=2"
"debt","deepVerification.notApproved","2293","滝沢ハム","core","status=not_started, stars=2"
"debt","deepVerification.notApproved","2294","柿安本店","core","status=not_started, stars=2"
"debt","deepVerification.notApproved","2296","伊藤ハム米久ホールディングス","core","status=not_started, stars=2"
"debt","deepVerification.notApproved","2300","きょくとう","core","status=not_started, stars=2"
"debt","deepVerification.notApproved","2301","学情","core","status=not_started, stars=2"
"debt","deepVerification.notApproved","2303","ドーン","core","status=not_started, stars=2"
"debt","deepVerification.notApproved","2304","ＣＳＳホールディングス","core","status=not_started, stars=2"
"debt","deepVerification.notApproved","2305","スタジオアリス","core","status=not_started, stars=2"
"debt","deepVerification.notApproved","2307","クロスキャット","core","status=not_started, stars=2"
"debt","deepVerification.notApproved","2311","エプコ","core","status=not_started, stars=2"
"debt","deepVerification.notApproved","2315","ＣＡＩＣＡ ＤＩＧＩＴＡＬ","core","status=not_started, stars=2"
"debt","deepVerification.notApproved","2317","システナ","core","status=not_started, stars=3"
"debt","deepVerification.notApproved","2321","ソフトフロントホールディングス","core","status=not_started, stars=3"
"debt","deepVerification.notApproved","2323","ｆｏｎｆｕｎ","core","status=not_started, stars=2"
"debt","deepVerification.notApproved","2325","ＮＪＳ","core","status=not_started, stars=2"
"debt","deepVerification.notApproved","2326","デジタルアーツ","core","status=not_started, stars=3"
"debt","deepVerification.notApproved","2327","日鉄ソリューションズ","core","status=not_started, stars=3"
"debt","deepVerification.notApproved","2329","東北新社","core","status=not_started, stars=2"
"debt","deepVerification.notApproved","2330","フォーサイド","core","status=not_started, stars=2"
"debt","deepVerification.notApproved","2331","ＡＬＳＯＫ","core","status=not_started, stars=2"
"debt","deepVerification.notApproved","2332","クエスト","core","status=not_started, stars=2"
"debt","deepVerification.notApproved","2334","イオレ","core","status=not_started, stars=2"
"debt","deepVerification.notApproved","2335","キューブシステム","core","status=not_started, stars=2"
"debt","deepVerification.notApproved","2337","いちご","core","status=not_started, stars=2"
"debt","deepVerification.notApproved","2338","クオンタムソリューションズ","core","status=not_started, stars=2"
"debt","deepVerification.notApproved","2340","極楽湯ホールディングス","core","status=not_started, stars=2"
"debt","deepVerification.notApproved","2341","アルバイトタイムス","core","status=not_started, stars=2"
"debt","deepVerification.notApproved","2342","トランスジェニックグループ","core","status=not_started, stars=2"
"debt","deepVerification.notApproved","2345","ＨＯＤＬ１","core","status=not_started, stars=2"
"debt","deepVerification.notApproved","2349","エヌアイデイ","core","status=not_started, stars=2"
"debt","deepVerification.notApproved","2351","ＡＳＪ","core","status=not_started, stars=2"
"debt","deepVerification.notApproved","2353","日本駐車場開発","core","status=not_started, stars=2"
"debt","deepVerification.notApproved","2354","ＹＥ ＤＩＧＩＴＡＬ","core","status=not_started, stars=2"
"debt","deepVerification.notApproved","2359","コア","core","status=not_started, stars=2"
"debt","deepVerification.notApproved","2370","メディネット","core","status=not_started, stars=2"
"debt","deepVerification.notApproved","2371","カカクコム","core","status=not_started, stars=2"
"debt","deepVerification.notApproved","2373","ケア２１","core","status=not_started, stars=2"
"debt","deepVerification.notApproved","2375","ギグワークス","core","status=not_started, stars=2"
"debt","deepVerification.notApproved","2376","サイネックス","core","status=not_started, stars=2"
"debt","deepVerification.notApproved","2378","ルネサンス","core","status=not_started, stars=2"
"debt","deepVerification.notApproved","2379","ディップ","core","status=not_started, stars=2"
"debt","deepVerification.notApproved","2384","ＳＢＳホールディングス","core","status=not_started, stars=2"
"debt","deepVerification.notApproved","2385","総医研ホールディングス","core","status=not_started, stars=2"
"debt","deepVerification.notApproved","2388","ウェッジホールディングス","core","status=not_started, stars=2"
"debt","deepVerification.notApproved","2391","プラネット","core","status=not_started, stars=2"
"debt","deepVerification.notApproved","2393","日本ケアサプライ","core","status=not_started, stars=2"
"debt","deepVerification.notApproved","2395","新日本科学","core","status=not_started, stars=2"
"debt","deepVerification.notApproved","2404","鉄人化ホールディングス","core","status=not_started, stars=2"
"debt","deepVerification.notApproved","2408","ＫＧ情報","core","status=not_started, stars=2"
"debt","deepVerification.notApproved","2410","キャリアデザインセンター","core","status=not_started, stars=2"
"debt","deepVerification.notApproved","2411","ゲンダイエージェンシー","core","status=not_started, stars=2"
"debt","deepVerification.notApproved","2413","エムスリー","core","status=not_started, stars=3"
"debt","deepVerification.notApproved","2415","ヒューマンホールディングス","core","status=not_started, stars=2"
"debt","deepVerification.notApproved","2418","ツカダ・グローバルホールディング","core","status=not_started, stars=2"
"debt","deepVerification.notApproved","241A","ＲＯＸＸ","core","status=not_started, stars=2"
"debt","deepVerification.notApproved","2424","ブラス","core","status=not_started, stars=2"
"debt","deepVerification.notApproved","2425","ケアサービス","core","status=not_started, stars=2"
"debt","deepVerification.notApproved","2428","ウェルネット","core","status=not_started, stars=2"
"debt","deepVerification.notApproved","2429","ワールドホールディングス","core","status=not_started, stars=2"
"debt","deepVerification.notApproved","2432","ディー・エヌ・エー","core","status=not_started, stars=3"
"debt","deepVerification.notApproved","2433","博報堂ＤＹホールディングス","core","status=not_started, stars=3"
"debt","deepVerification.notApproved","2435","シダー","core","status=not_started, stars=2"
"debt","deepVerification.notApproved","2436","共同ピーアール","core","status=not_started, stars=2"
"debt","deepVerification.notApproved","2437","Ｓｈｉｎｗａ Ｗｉｓｅ Ｈｏｌｄｉｎｇｓ","core","status=not_started, stars=2"
"debt","deepVerification.notApproved","2438","アスカネット","core","status=not_started, stars=2"
"debt","deepVerification.notApproved","2440","ぐるなび","core","status=not_started, stars=2"
"debt","deepVerification.notApproved","2445","タカミヤ","core","status=not_started, stars=2"
"debt","deepVerification.notApproved","2449","プラップジャパン","core","status=not_started, stars=2"
"debt","deepVerification.notApproved","244A","グロースエクスパートナーズ","core","status=not_started, stars=2"
"debt","deepVerification.notApproved","2454","オールアバウト","core","status=not_started, stars=2"
"debt","deepVerification.notApproved","2459","アウンコンサルティング","core","status=not_started, stars=2"
"debt","deepVerification.notApproved","245A","ＩＮＧＳ","core","status=not_started, stars=2"
"debt","deepVerification.notApproved","2461","ファンコミュニケーションズ","core","status=not_started, stars=2"
"debt","deepVerification.notApproved","2462","ライク","core","status=not_started, stars=2"
"debt","deepVerification.notApproved","2464","Ａｏｂａ‐ＢＢＴ","core","status=not_started, stars=2"
"debt","deepVerification.notApproved","2469","ヒビノ","core","status=not_started, stars=2"
"debt","deepVerification.notApproved","246A","アスア","core","status=not_started, stars=2"
"debt","deepVerification.notApproved","2471","エスプール","core","status=not_started, stars=2"
"debt","deepVerification.notApproved","2475","ＷＤＢホールディングス","core","status=not_started, stars=2"
"debt","deepVerification.notApproved","2477","手間いらず","core","status=not_started, stars=2"
"debt","deepVerification.notApproved","2479","ジェイテック","core","status=not_started, stars=2"
"debt","deepVerification.notApproved","247A","Ａｉロボティクス","core","status=not_started, stars=2"
"debt","deepVerification.notApproved","2480","システム・ロケーション","core","status=not_started, stars=2"
"debt","deepVerification.notApproved","2481","タウンニュース社","core","status=not_started, stars=2"
"debt","deepVerification.notApproved","2483","翻訳センター","core","status=not_started, stars=2"
"debt","deepVerification.notApproved","2484","出前館","core","status=not_started, stars=2"
"debt","deepVerification.notApproved","2485","ティア","core","status=not_started, stars=2"
"debt","deepVerification.notApproved","2488","ＪＴＰ","core","status=not_started, stars=2"
"debt","deepVerification.notApproved","2489","アドウェイズ","core","status=not_started, stars=2"
"debt","deepVerification.notApproved","248A","キッズスター","core","status=not_started, stars=2"
"debt","deepVerification.notApproved","2491","バリューコマース","core","status=not_started, stars=2"
"debt","deepVerification.notApproved","2492","インフォマート","core","status=not_started, stars=2"
"debt","deepVerification.notApproved","2493","イーサポートリンク","core","status=not_started, stars=2"
"debt","deepVerification.notApproved","2497","ユナイテッド","core","status=not_started, stars=2"
"debt","deepVerification.notApproved","2498","オリエンタルコンサルタンツホールディングス","core","status=not_started, stars=2"
"debt","deepVerification.notApproved","2499","日本和装ホールディングス","core","status=not_started, stars=2"
"debt","deepVerification.notApproved","2501","サッポロホールディングス","core","status=not_started, stars=2"
"debt","deepVerification.notApproved","2502","アサヒグループホールディングス","core","status=not_started, stars=3"
"debt","deepVerification.notApproved","2503","キリンホールディングス","core","status=not_started, stars=3"
"debt","deepVerification.notApproved","250A","シマダヤ","core","status=not_started, stars=2"
"debt","deepVerification.notApproved","2531","宝ホールディングス","core","status=not_started, stars=2"
"debt","deepVerification.notApproved","2533","オエノンホールディングス","core","status=not_started, stars=2"
"debt","deepVerification.notApproved","253A","ＥＴＳグループ","core","status=not_started, stars=2"
"debt","deepVerification.notApproved","254A","ＡＩフュージョンキャピタルグループ","core","status=not_started, stars=2"
"debt","deepVerification.notApproved","255A","ジーエルテクノホールディングス","core","status=not_started, stars=2"
"debt","deepVerification.notApproved","256A","飛島ホールディングス","core","status=not_started, stars=2"
"debt","deepVerification.notApproved","2573","北海道コカ・コーラボトリング","core","status=not_started, stars=2"
"debt","deepVerification.notApproved","2579","コカ・コーラ ボトラーズジャパンホールディングス","core","status=not_started, stars=2"
"debt","deepVerification.notApproved","2585","ライフドリンク カンパニー","core","status=not_started, stars=2"
"debt","deepVerification.notApproved","2586","フルッタフルッタ","core","status=not_started, stars=2"
"debt","deepVerification.notApproved","2587","サントリービバレッジ&フード","core","status=not_started, stars=3"
"debt","deepVerification.notApproved","2588","プレミアムウォーターホールディングス","core","status=not_started, stars=2"
"debt","deepVerification.notApproved","2590","ダイドーグループホールディングス","core","status=not_started, stars=2"
"debt","deepVerification.notApproved","2593","伊藤園","core","status=not_started, stars=2"
"debt","deepVerification.notApproved","2594","キーコーヒー","core","status=not_started, stars=2"
"debt","deepVerification.notApproved","2597","ユニカフェ","core","status=not_started, stars=2"
"debt","deepVerification.notApproved","2602","日清オイリオグループ","core","status=not_started, stars=2"
"debt","deepVerification.notApproved","2607","不二製油","core","status=not_started, stars=2"
"debt","deepVerification.notApproved","2612","かどや製油","core","status=not_started, stars=2"
"debt","deepVerification.notApproved","2613","Ｊ－オイルミルズ","core","status=not_started, stars=2"
"debt","deepVerification.notApproved","261A","日水コン","core","status=not_started, stars=2"
"debt","deepVerification.notApproved","262A","インターメスティック","core","status=not_started, stars=2"
"debt","deepVerification.notApproved","264A","Ｓｃｈｏｏ","core","status=not_started, stars=2"
"debt","deepVerification.notApproved","2652","まんだらけ","core","status=not_started, stars=2"
"debt","deepVerification.notApproved","2653","イオン九州","core","status=not_started, stars=2"
"debt","deepVerification.notApproved","2654","アスモ","core","status=not_started, stars=2"
"debt","deepVerification.notApproved","2656","ベクターホールディングス","core","status=not_started, stars=2"
"debt","deepVerification.notApproved","2659","サンエー","core","status=not_started, stars=2"
"debt","deepVerification.notApproved","265A","Ｈｍｃｏｍｍ","core","status=not_started, stars=2"
"debt","deepVerification.notApproved","2664","カワチ薬品","core","status=not_started, stars=2"
"debt","deepVerification.notApproved","2666","オートウェーブ","core","status=not_started, stars=2"
"debt","deepVerification.notApproved","2667","イメージ ワン","core","status=not_started, stars=2"
"debt","deepVerification.notApproved","2668","タビオ","core","status=not_started, stars=2"
"debt","deepVerification.notApproved","2669","カネ美食品","core","status=not_started, stars=2"
"debt","deepVerification.notApproved","2670","エービーシー・マート","core","status=not_started, stars=2"
"debt","deepVerification.notApproved","2673","夢みつけ隊","core","status=not_started, stars=2"
"debt","deepVerification.notApproved","2674","ハードオフコーポレーション","core","status=not_started, stars=2"
"debt","deepVerification.notApproved","2676","高千穂交易","core","status=not_started, stars=2"
"debt","deepVerification.notApproved","2678","アスクル","core","status=not_started, stars=2"
"debt","deepVerification.notApproved","2681","ゲオホールディングス","core","status=not_started, stars=2"
"debt","deepVerification.notApproved","2683","魚喜","core","status=not_started, stars=2"
"debt","deepVerification.notApproved","2685","アンドエスティＨＤ","core","status=not_started, stars=2"
"debt","deepVerification.notApproved","2687","シー・ヴイ・エス・ベイエリア","core","status=not_started, stars=2"
"debt","deepVerification.notApproved","2689","オルバヘルスケアホールディングス","core","status=not_started, stars=2"
"debt","deepVerification.notApproved","268A","リガク・ホールディングス","core","status=not_started, stars=2"
"debt","deepVerification.notApproved","2693","ＹＫＴ","core","status=not_started, stars=2"
"debt","deepVerification.notApproved","2694","焼肉坂井ホールディングス","core","status=not_started, stars=2"
"debt","deepVerification.notApproved","2695","くら寿司","core","status=not_started, stars=2"
"debt","deepVerification.notApproved","2698","キャンドゥ","core","status=not_started, stars=2"
"debt","deepVerification.notApproved","269A","Ｓａｐｅｅｔ","core","status=not_started, stars=2"
"debt","deepVerification.notApproved","2700","木徳神糧","core","status=not_started, stars=2"
"debt","deepVerification.notApproved","2702","日本マクドナルドホールディングス","core","status=not_started, stars=3"
"debt","deepVerification.notApproved","2705","大戸屋ホールディングス","core","status=not_started, stars=2"
"debt","deepVerification.notApproved","2708","久世","core","status=not_started, stars=2"
"debt","deepVerification.notApproved","2721","ジェイホールディングス","core","status=not_started, stars=2"
"debt","deepVerification.notApproved","2722","ＩＫホールディングス","core","status=not_started, stars=2"
"debt","deepVerification.notApproved","2726","パルグループホールディングス","core","status=not_started, stars=2"
"debt","deepVerification.notApproved","2730","エディオン","core","status=not_started, stars=2"
"debt","deepVerification.notApproved","2733","あらた","core","status=not_started, stars=2"
"debt","deepVerification.notApproved","2734","サーラコーポレーション","core","status=not_started, stars=2"
"debt","deepVerification.notApproved","2735","ワッツ","core","status=not_started, stars=2"
"debt","deepVerification.notApproved","2736","フェスタリアホールディングス","core","status=not_started, stars=2"
"debt","deepVerification.notApproved","2737","トーメンデバイス","core","status=not_started, stars=2"
"debt","deepVerification.notApproved","2742","ハローズ","core","status=not_started, stars=2"
"debt","deepVerification.notApproved","2747","北雄ラッキー","core","status=not_started, stars=2"
"debt","deepVerification.notApproved","2749","ＪＰホールディングス","core","status=not_started, stars=3"
"debt","deepVerification.notApproved","274A","ガーデン","core","status=not_started, stars=2"
"debt","deepVerification.notApproved","2750","石光商事","core","status=not_started, stars=2"
"debt","deepVerification.notApproved","2751","テンポスホールディングス","core","status=not_started, stars=2"
"debt","deepVerification.notApproved","2752","フジオフードグループ本社","core","status=not_started, stars=2"
"debt","deepVerification.notApproved","2753","あみやき亭","core","status=not_started, stars=2"
"debt","deepVerification.notApproved","2760","東京エレクトロン　デバイス","core","status=not_started, stars=2"
"debt","deepVerification.notApproved","2762","ＳＡＮＫＯ ＭＡＲＫＥＴＩＮＧ ＦＯＯＤＳ","core","status=not_started, stars=2"
"debt","deepVerification.notApproved","2763","エフティグループ","core","status=not_started, stars=2"
"debt","deepVerification.notApproved","2764","ひらまつ","core","status=not_started, stars=2"
"debt","deepVerification.notApproved","2767","円谷フィールズホールディングス","core","status=not_started, stars=2"
"debt","deepVerification.notApproved","2768","双日","core","status=not_started, stars=2"
"debt","deepVerification.notApproved","2769","ヴィレッジヴァンガードコーポレーション","core","status=not_started, stars=2"
"debt","deepVerification.notApproved","276A","ククレブ・アドバイザーズ","core","status=not_started, stars=2"
"debt","deepVerification.notApproved","2776","新都ホールディングス","core","status=not_started, stars=2"
"debt","deepVerification.notApproved","2778","パレモ・ホールディングス","core","status=not_started, stars=2"
"debt","deepVerification.notApproved","277A","グロービング","core","status=not_started, stars=2"
"debt","deepVerification.notApproved","2780","コメ兵ホールディングス","core","status=not_started, stars=3"
"debt","deepVerification.notApproved","2782","セリア","core","status=not_started, stars=2"
"debt","deepVerification.notApproved","2784","アルフレッサ　ホールディングス","core","status=not_started, stars=3"
"debt","deepVerification.notApproved","2788","アップルインターナショナル","core","status=not_started, stars=2"
"debt","deepVerification.notApproved","2789","カルラ","core","status=not_started, stars=2"
"debt","deepVerification.notApproved","278A","Ｔｅｒｒａ Ｄｒｏｎｅ","core","status=not_started, stars=2"
"debt","deepVerification.notApproved","2790","ナフコ","core","status=not_started, stars=2"
"debt","deepVerification.notApproved","2791","大黒天物産","core","status=not_started, stars=2"
"debt","deepVerification.notApproved","2792","ハニーズホールディングス","core","status=not_started, stars=2"
"debt","deepVerification.notApproved","2795","日本プリメックス","core","status=not_started, stars=2"
"debt","deepVerification.notApproved","2796","ファーマライズホールディングス","core","status=not_started, stars=2"
"debt","deepVerification.notApproved","2798","ワイズテーブルコーポレーション","core","status=not_started, stars=2"
"debt","deepVerification.notApproved","2801","キッコーマン","core","status=not_started, stars=2"
"debt","deepVerification.notApproved","2802","味の素","core","status=not_started, stars=3"
"debt","deepVerification.notApproved","2804","ブルドックソース","core","status=not_started, stars=2"
"debt","deepVerification.notApproved","2805","ヱスビー食品","core","status=not_started, stars=2"
"debt","deepVerification.notApproved","2806","ユタカフーズ","core","status=not_started, stars=2"
"debt","deepVerification.notApproved","2809","キユーピー","core","status=not_started, stars=2"
"debt","deepVerification.notApproved","280A","TMH","core","status=not_started, stars=3"
"debt","deepVerification.notApproved","2810","ハウス食品グループ本社","core","status=not_started, stars=2"
"debt","deepVerification.notApproved","2811","カゴメ","core","status=not_started, stars=2"
"debt","deepVerification.notApproved","2813","和弘食品","core","status=not_started, stars=2"
"debt","deepVerification.notApproved","2814","佐藤食品工業","core","status=not_started, stars=2"
"debt","deepVerification.notApproved","2815","アリアケジャパン","core","status=not_started, stars=2"
"debt","deepVerification.notApproved","2816","ダイショー","core","status=not_started, stars=2"
"debt","deepVerification.notApproved","2818","ピエトロ","core","status=not_started, stars=2"
"debt","deepVerification.notApproved","2819","エバラ食品工業","core","status=not_started, stars=2"
"debt","deepVerification.notApproved","281A","インフォメティス","core","status=not_started, stars=2"
"debt","deepVerification.notApproved","2820","やまみ","core","status=not_started, stars=2"
"debt","deepVerification.notApproved","2831","はごろもフーズ","core","status=not_started, stars=2"
"debt","deepVerification.notApproved","285A","キオクシアホールディングス","core","status=not_started, stars=3"
"debt","deepVerification.notApproved","286A","ユカリア","core","status=not_started, stars=2"
"debt","deepVerification.notApproved","2871","ニチレイ","core","status=not_started, stars=3"
"debt","deepVerification.notApproved","2872","セイヒョー","core","status=not_started, stars=2"
"debt","deepVerification.notApproved","2874","横浜冷凍","core","status=not_started, stars=2"
"debt","deepVerification.notApproved","2875","東洋水産","core","status=not_started, stars=2"
"debt","deepVerification.notApproved","2876","デルソーレ","core","status=not_started, stars=2"
"debt","deepVerification.notApproved","2877","日東ベスト","core","status=not_started, stars=2"
"debt","deepVerification.notApproved","287A","黒田グループ","core","status=not_started, stars=2"
"debt","deepVerification.notApproved","2882","イートアンドホールディングス","core","status=not_started, stars=2"
"debt","deepVerification.notApproved","2883","大冷","core","status=not_started, stars=2"
"debt","deepVerification.notApproved","2884","ヨシムラ・フード・ホールディングス","core","status=not_started, stars=2"
"debt","deepVerification.notApproved","288A","ラクサス・テクノロジーズ","core","status=not_started, stars=2"
"debt","deepVerification.notApproved","2892","日本食品化工","core","status=not_started, stars=2"
"debt","deepVerification.notApproved","2894","石井食品","core","status=not_started, stars=2"
"debt","deepVerification.notApproved","2897","日清食品ホールディングス","core","status=not_started, stars=2"
"debt","deepVerification.notApproved","2901","ウェルディッシュ","core","status=not_started, stars=2"
"debt","deepVerification.notApproved","2903","シノブフーズ","core","status=not_started, stars=2"
"debt","deepVerification.notApproved","2904","一正蒲鉾","core","status=not_started, stars=2"
"debt","deepVerification.notApproved","2907","あじかん","core","status=not_started, stars=2"
"debt","deepVerification.notApproved","2908","フジッコ","core","status=not_started, stars=2"
"debt","deepVerification.notApproved","290A","Synspective","core","status=not_started, stars=3"
"debt","deepVerification.notApproved","2910","ロック・フィールド","core","status=not_started, stars=2"
"debt","deepVerification.notApproved","2911","旭松食品","core","status=not_started, stars=2"
"debt","deepVerification.notApproved","2914","日本たばこ産業","core","status=not_started, stars=3"
"debt","deepVerification.notApproved","2915","ケンコーマヨネーズ","core","status=not_started, stars=2"
"debt","deepVerification.notApproved","2916","仙波糖化工業","core","status=not_started, stars=2"
"debt","deepVerification.notApproved","2917","大森屋","core","status=not_started, stars=2"
"debt","deepVerification.notApproved","2918","わらべや日洋ホールディングス","core","status=not_started, stars=2"
"debt","deepVerification.notApproved","291A","リスキル","core","status=not_started, stars=2"
"debt","deepVerification.notApproved","2922","なとり","core","status=not_started, stars=2"
"debt","deepVerification.notApproved","2923","サトウ食品","core","status=not_started, stars=2"
"debt","deepVerification.notApproved","2924","イフジ産業","core","status=not_started, stars=2"
"debt","deepVerification.notApproved","2926","篠崎屋","core","status=not_started, stars=2"
"debt","deepVerification.notApproved","2927","ＡＦＣ－ＨＤアムスライフサイエンス","core","status=not_started, stars=2"
"debt","deepVerification.notApproved","2929","ファーマフーズ","core","status=not_started, stars=2"
"debt","deepVerification.notApproved","2930","北の達人コーポレーション","core","status=not_started, stars=2"
"debt","deepVerification.notApproved","2931","ユーグレナ","core","status=not_started, stars=2"
"debt","deepVerification.notApproved","2932","ＳＴＩフードホールディングス","core","status=not_started, stars=2"
"debt","deepVerification.notApproved","2933","紀文食品","core","status=not_started, stars=2"
"debt","deepVerification.notApproved","2934","ジェイフロンティア","core","status=not_started, stars=2"
"debt","deepVerification.notApproved","2935","ピックルスホールディングス","core","status=not_started, stars=2"
"debt","deepVerification.notApproved","2936","ベースフード","core","status=not_started, stars=2"
"debt","deepVerification.notApproved","2937","サンクゼール","core","status=not_started, stars=2"
"debt","deepVerification.notApproved","2938","オカムラ食品工業","core","status=not_started, stars=2"
"debt","deepVerification.notApproved","2961","日本調理機","core","status=not_started, stars=2"
"debt","deepVerification.notApproved","2962","テクニスコ","core","status=not_started, stars=2"
"debt","deepVerification.notApproved","296A","令和アカウンティング・ホールディングス","core","status=not_started, stars=2"
"debt","deepVerification.notApproved","2970","ＧＬＣ ＧＲＯＵＰ","core","status=not_started, stars=2"
"debt","deepVerification.notApproved","2975","スター・マイカ・ホールディングス","core","status=not_started, stars=3"
"debt","deepVerification.notApproved","2978","ツクルバ","core","status=not_started, stars=2"
"debt","deepVerification.notApproved","297A","アルピコホールディングス","core","status=not_started, stars=2"
"debt","deepVerification.notApproved","2980","ＳＲＥホールディングス","core","status=not_started, stars=2"
"debt","deepVerification.notApproved","2981","ランディックス","core","status=not_started, stars=2"
"debt","deepVerification.notApproved","2982","ＡＤワークスグループ","core","status=not_started, stars=2"
"debt","deepVerification.notApproved","2983","アールプランナー","core","status=not_started, stars=2"
"debt","deepVerification.notApproved","2984","ヤマイチエステート","core","status=not_started, stars=2"
"debt","deepVerification.notApproved","2986","ＬＡホールディングス","core","status=not_started, stars=2"
"debt","deepVerification.notApproved","298A","ＧＶＡ ＴＥＣＨ","core","status=not_started, stars=2"
"debt","deepVerification.notApproved","2991","ランドネット","core","status=not_started, stars=2"
"debt","deepVerification.notApproved","2993","長栄","core","status=not_started, stars=2"
"debt","deepVerification.notApproved","2997","ストレージ王","core","status=not_started, stars=2"
"debt","deepVerification.notApproved","2998","クリアル","core","status=not_started, stars=3"
"debt","deepVerification.notApproved","2999","ホームポジション","core","status=not_started, stars=2"
"debt","deepVerification.notApproved","299A","クラシル","core","status=not_started, stars=2"
"debt","deepVerification.notApproved","3001","片倉工業","core","status=not_started, stars=2"
"debt","deepVerification.notApproved","3002","グンゼ","core","status=not_started, stars=2"
"debt","deepVerification.notApproved","3003","ヒューリック","core","status=not_started, stars=2"
"debt","deepVerification.notApproved","3004","神栄","core","status=not_started, stars=2"
"debt","deepVerification.notApproved","300A","ＭＩＣ","core","status=not_started, stars=2"
"debt","deepVerification.notApproved","3010","ポラリス・ホールディングス","core","status=not_started, stars=2"
"debt","deepVerification.notApproved","3011","バナーズ","core","status=not_started, stars=2"
"debt","deepVerification.notApproved","3020","アプライド","core","status=not_started, stars=2"
"debt","deepVerification.notApproved","3021","パシフィックネット","core","status=not_started, stars=2"
"debt","deepVerification.notApproved","3023","ラサ商事","core","status=not_started, stars=2"
"debt","deepVerification.notApproved","3024","クリエイト","core","status=not_started, stars=2"
"debt","deepVerification.notApproved","3028","アルペン","core","status=not_started, stars=2"
"debt","deepVerification.notApproved","302A","ビースタイルホールディングス","core","status=not_started, stars=2"
"debt","deepVerification.notApproved","3030","ハブ","core","status=not_started, stars=2"
"debt","deepVerification.notApproved","3031","ラクーンホールディングス","core","status=not_started, stars=3"
"debt","deepVerification.notApproved","3034","クオールホールディングス","core","status=not_started, stars=2"
"debt","deepVerification.notApproved","3035","ケイティケイ","core","status=not_started, stars=2"
"debt","deepVerification.notApproved","3036","アルコニックス","core","status=not_started, stars=2"
"debt","deepVerification.notApproved","3038","神戸物産","core","status=not_started, stars=2"
"debt","deepVerification.notApproved","303A","ｖｉｓｕｍｏ","core","status=not_started, stars=2"
"debt","deepVerification.notApproved","3040","ソリトンシステムズ","core","status=not_started, stars=2"
"debt","deepVerification.notApproved","3041","ビューティカダンホールディングス","core","status=not_started, stars=2"
"debt","deepVerification.notApproved","3042","セキュアヴェイル","core","status=not_started, stars=2"
"debt","deepVerification.notApproved","3045","カワサキ","core","status=not_started, stars=2"
"debt","deepVerification.notApproved","3046","ジンズホールディングス","core","status=not_started, stars=2"
"debt","deepVerification.notApproved","3048","ビックカメラ","core","status=not_started, stars=2"
"debt","deepVerification.notApproved","304A","フォルシア","core","status=not_started, stars=2"
"debt","deepVerification.notApproved","3050","ＤＣＭホールディングス","core","status=not_started, stars=3"
"debt","deepVerification.notApproved","3053","ペッパーフードサービス","core","status=not_started, stars=2"
"debt","deepVerification.notApproved","3054","ハイパー","core","status=not_started, stars=2"
"debt","deepVerification.notApproved","3058","三洋堂ホールディングス","core","status=not_started, stars=2"
"debt","deepVerification.notApproved","3059","ヒラキ","core","status=not_started, stars=2"
"debt","deepVerification.notApproved","3063","ジェイグループホールディングス","core","status=not_started, stars=2"
"debt","deepVerification.notApproved","3064","MonotaRO","core","status=not_started, stars=3"
"debt","deepVerification.notApproved","3065","ライフフーズ","core","status=not_started, stars=2"
"debt","deepVerification.notApproved","3067","東京一番フーズ","core","status=not_started, stars=2"
"debt","deepVerification.notApproved","3068","ＷＤＩ","core","status=not_started, stars=2"
"debt","deepVerification.notApproved","3069","ＪＦＬＡホールディングス","core","status=not_started, stars=2"
"debt","deepVerification.notApproved","3070","ジェリービーンズグループ","core","status=not_started, stars=3"
"debt","deepVerification.notApproved","3071","ストリーム","core","status=not_started, stars=2"
"debt","deepVerification.notApproved","3075","銚子丸","core","status=not_started, stars=2"
"debt","deepVerification.notApproved","3076","あい ホールディングス","core","status=not_started, stars=2"
"debt","deepVerification.notApproved","3077","ホリイフードサービス","core","status=not_started, stars=2"
"debt","deepVerification.notApproved","3079","ディーブイエックス","core","status=not_started, stars=2"
"debt","deepVerification.notApproved","3080","ジェーソン","core","status=not_started, stars=2"
"debt","deepVerification.notApproved","3082","きちりホールディングス","core","status=not_started, stars=2"
"debt","deepVerification.notApproved","3083","スターシーズ","core","status=not_started, stars=2"
"debt","deepVerification.notApproved","3086","J.フロント リテイリング","core","status=not_started, stars=3"
"debt","deepVerification.notApproved","3087","ドトール・日レスホールディングス","core","status=not_started, stars=2"
"debt","deepVerification.notApproved","3088","マツキヨココカラ＆カンパニー","core","status=not_started, stars=2"
"debt","deepVerification.notApproved","3089","テクノアルファ","core","status=not_started, stars=2"
"debt","deepVerification.notApproved","3091","ブロンコビリー","core","status=not_started, stars=2"
"debt","deepVerification.notApproved","3092","ZOZO","core","status=not_started, stars=3"
"debt","deepVerification.notApproved","3093","トレジャー・ファクトリー","core","status=not_started, stars=2"
"debt","deepVerification.notApproved","3096","オーシャンシステム","core","status=not_started, stars=2"
"debt","deepVerification.notApproved","3097","物語コーポレーション","core","status=not_started, stars=2"
"debt","deepVerification.notApproved","3099","三越伊勢丹ホールディングス","core","status=not_started, stars=3"
"debt","deepVerification.notApproved","3101","東洋紡","core","status=not_started, stars=2"
"debt","deepVerification.notApproved","3103","ユニチカ","core","status=not_started, stars=2"
"debt","deepVerification.notApproved","3104","富士紡ホールディングス","core","status=not_started, stars=2"
"debt","deepVerification.notApproved","3105","日清紡ホールディングス","core","status=not_started, stars=3"
"debt","deepVerification.notApproved","3106","倉敷紡績","core","status=not_started, stars=2"
"debt","deepVerification.notApproved","3107","ダイワボウホールディングス","core","status=not_started, stars=3"
"debt","deepVerification.notApproved","3109","シキボウ","core","status=not_started, stars=2"
"debt","deepVerification.notApproved","3110","日東紡績","core","status=not_started, stars=2"
"debt","deepVerification.notApproved","3111","オーミケンシ","core","status=not_started, stars=2"
"debt","deepVerification.notApproved","3113","ＵＮＩＶＡ・Ｏａｋホールディングス","core","status=not_started, stars=2"
"debt","deepVerification.notApproved","3116","トヨタ紡織","core","status=not_started, stars=2"
"debt","deepVerification.notApproved","3121","マーチャント・バンカーズ","core","status=not_started, stars=2"
"debt","deepVerification.notApproved","3123","サイボー","core","status=not_started, stars=2"
"debt","deepVerification.notApproved","3131","シンデン・ハイテックス","core","status=not_started, stars=2"
"debt","deepVerification.notApproved","3132","マクニカホールディングス","core","status=not_started, stars=3"
"debt","deepVerification.notApproved","3133","海帆","core","status=not_started, stars=2"
"debt","deepVerification.notApproved","3134","Ｈａｍｅｅ","core","status=not_started, stars=2"
"debt","deepVerification.notApproved","3135","マーケットエンタープライズ","core","status=not_started, stars=2"
"debt","deepVerification.notApproved","3137","ファンデリー","core","status=not_started, stars=2"
"debt","deepVerification.notApproved","3138","富士山マガジンサービス","core","status=not_started, stars=2"
"debt","deepVerification.notApproved","3139","ラクト・ジャパン","core","status=not_started, stars=2"
"debt","deepVerification.notApproved","3140","ＢＲＵＮＯ","core","status=not_started, stars=2"
"debt","deepVerification.notApproved","3143","オーウイル","core","status=not_started, stars=2"
"debt","deepVerification.notApproved","3148","クリエイトＳＤホールディングス","core","status=not_started, stars=2"
"debt","deepVerification.notApproved","3150","グリムス","core","status=not_started, stars=2"
"debt","deepVerification.notApproved","3151","バイタルケーエスケー・ホールディングス","core","status=not_started, stars=3"
"debt","deepVerification.notApproved","3153","八洲電機","core","status=not_started, stars=2"
"debt","deepVerification.notApproved","3154","メディアスホールディングス","core","status=not_started, stars=2"
"debt","deepVerification.notApproved","3156","レスター","core","status=not_started, stars=2"
"debt","deepVerification.notApproved","3157","ジオリーブグループ","core","status=not_started, stars=2"
"debt","deepVerification.notApproved","3159","丸善ＣＨＩホールディングス","core","status=not_started, stars=2"
"debt","deepVerification.notApproved","3160","大光","core","status=not_started, stars=2"
"debt","deepVerification.notApproved","3161","アゼアス","core","status=not_started, stars=2"
"debt","deepVerification.notApproved","3166","ＯＣＨＩホールディングス","core","status=not_started, stars=2"
"debt","deepVerification.notApproved","3167","ＴＯＫＡＩホールディングス","core","status=not_started, stars=2"
"debt","deepVerification.notApproved","3168","ＭＥＲＦ","core","status=not_started, stars=2"
"debt","deepVerification.notApproved","3169","ミサワ","core","status=not_started, stars=2"
"debt","deepVerification.notApproved","3172","ティーライフ","core","status=not_started, stars=2"
"debt","deepVerification.notApproved","3173","Ｃｏｍｉｎｉｘ","core","status=not_started, stars=2"
"debt","deepVerification.notApproved","3174","ハピネス・アンド・ディ","core","status=not_started, stars=2"
"debt","deepVerification.notApproved","3175","エー・ピーホールディングス","core","status=not_started, stars=2"
"debt","deepVerification.notApproved","3176","三洋貿易","core","status=not_started, stars=2"
"debt","deepVerification.notApproved","3177","ありがとうサービス","core","status=not_started, stars=2"
"debt","deepVerification.notApproved","3178","チムニー","core","status=not_started, stars=2"
"debt","deepVerification.notApproved","3179","シュッピン","core","status=not_started, stars=2"
"debt","deepVerification.notApproved","3180","ビューティガレージ","core","status=not_started, stars=2"
"debt","deepVerification.notApproved","3181","買取王国","core","status=not_started, stars=2"
"debt","deepVerification.notApproved","3182","オイシックス・ラ・大地","core","status=not_started, stars=2"
"debt","deepVerification.notApproved","3183","ウイン・パートナーズ","core","status=not_started, stars=2"
"debt","deepVerification.notApproved","3184","ＩＣＤＡホールディングス","core","status=not_started, stars=2"
"debt","deepVerification.notApproved","3185","夢展望","core","status=not_started, stars=2"
"debt","deepVerification.notApproved","3186","ネクステージ","core","status=not_started, stars=2"
"debt","deepVerification.notApproved","3187","ミラタップ","core","status=not_started, stars=2"
"debt","deepVerification.notApproved","3189","ＡＮＡＰホールディングス","core","status=not_started, stars=2"
"debt","deepVerification.notApproved","3190","ホットマン","core","status=not_started, stars=2"
"debt","deepVerification.notApproved","3191","ジョイフル本田","core","status=not_started, stars=2"
"debt","deepVerification.notApproved","3192","白鳩","core","status=not_started, stars=2"
"debt","deepVerification.notApproved","3193","エターナルホスピタリティグループ","core","status=not_started, stars=2"
"debt","deepVerification.notApproved","3195","ジェネレーションパス","core","status=not_started, stars=2"
"debt","deepVerification.notApproved","3196","ホットランドホールディングス","core","status=not_started, stars=2"
"debt","deepVerification.notApproved","3197","すかいらーくホールディングス","core","status=not_started, stars=3"
"debt","deepVerification.notApproved","3199","綿半ホールディングス","core","status=not_started, stars=2"
"debt","deepVerification.notApproved","319A","技術承継機構","core","status=not_started, stars=2"
"debt","deepVerification.notApproved","3201","日本毛織","core","status=not_started, stars=2"
"debt","deepVerification.notApproved","3202","ダイトウボウ","core","status=not_started, stars=2"
"debt","deepVerification.notApproved","3204","トーア紡コーポレーション","core","status=not_started, stars=2"
"debt","deepVerification.notApproved","3205","ダイドーリミテッド","core","status=not_started, stars=2"
"debt","deepVerification.notApproved","3221","ヨシックスホールディングス","core","status=not_started, stars=2"
"debt","deepVerification.notApproved","3222","ユナイテッド・スーパーマーケット・ホールディングス","core","status=not_started, stars=2"
"debt","deepVerification.notApproved","3223","エスエルディー","core","status=not_started, stars=2"
"debt","deepVerification.notApproved","3224","ゼネラル・オイスター","core","status=not_started, stars=2"
"debt","deepVerification.notApproved","3231","野村不動産ホールディングス","core","status=not_started, stars=3"
"debt","deepVerification.notApproved","3232","三重交通グループホールディングス","core","status=not_started, stars=3"
"debt","deepVerification.notApproved","3236","プロパスト","core","status=not_started, stars=2"
"debt","deepVerification.notApproved","3237","イントランス","core","status=not_started, stars=2"
"debt","deepVerification.notApproved","3238","セントラル総合開発","core","status=not_started, stars=2"
"debt","deepVerification.notApproved","323A","フライヤー","core","status=not_started, stars=2"
"debt","deepVerification.notApproved","3241","ウィル","core","status=not_started, stars=2"
"debt","deepVerification.notApproved","3242","アーバネットコーポレーション","core","status=not_started, stars=2"
"debt","deepVerification.notApproved","3245","ディア・ライフ","core","status=not_started, stars=2"
"debt","deepVerification.notApproved","3246","コーセーアールイー","core","status=not_started, stars=2"
"debt","deepVerification.notApproved","3248","アールエイジ","core","status=not_started, stars=2"
"debt","deepVerification.notApproved","324A","ブッキングリゾート","core","status=not_started, stars=2"
"debt","deepVerification.notApproved","3252","地主","core","status=not_started, stars=2"
"debt","deepVerification.notApproved","325A","ＴＥＮＴＩＡＬ","core","status=not_started, stars=2"
"debt","deepVerification.notApproved","3261","グランディーズ","core","status=not_started, stars=2"
"debt","deepVerification.notApproved","3266","ファンドクリエーショングループ","core","status=not_started, stars=2"
"debt","deepVerification.notApproved","3267","フィル・カンパニー","core","status=not_started, stars=2"
"debt","deepVerification.notApproved","3271","ＴＨＥグローバル社","core","status=not_started, stars=2"
"debt","deepVerification.notApproved","3276","ＪＰＭＣ","core","status=not_started, stars=2"
"debt","deepVerification.notApproved","3277","サンセイランディック","core","status=not_started, stars=2"
"debt","deepVerification.notApproved","3280","エストラスト","core","status=not_started, stars=2"
"debt","deepVerification.notApproved","3284","フージャースホールディングス","core","status=not_started, stars=2"
"debt","deepVerification.notApproved","3286","トラストホールディングス","core","status=not_started, stars=2"
"debt","deepVerification.notApproved","3288","オープンハウスグループ","core","status=not_started, stars=3"
"debt","deepVerification.notApproved","3289","東急不動産ホールディングス","core","status=not_started, stars=3"
"debt","deepVerification.notApproved","3291","飯田グループホールディングス","core","status=not_started, stars=3"
"debt","deepVerification.notApproved","3293","アズマハウス","core","status=not_started, stars=2"
"debt","deepVerification.notApproved","3297","東武住販","core","status=not_started, stars=2"
"debt","deepVerification.notApproved","3299","ムゲンエステート","core","status=not_started, stars=2"
"debt","deepVerification.notApproved","3300","アンビション　ＤＸ　ホールディングス","core","status=not_started, stars=3"
"debt","deepVerification.notApproved","3302","帝国繊維","core","status=not_started, stars=2"
"debt","deepVerification.notApproved","3306","日本製麻","core","status=not_started, stars=2"
"debt","deepVerification.notApproved","330A","ＴａｌｅｎｔＸ","core","status=not_started, stars=2"
"debt","deepVerification.notApproved","3315","日本コークス工業","core","status=not_started, stars=2"
"debt","deepVerification.notApproved","3317","フライングガーデン","core","status=not_started, stars=2"
"debt","deepVerification.notApproved","331A","メディックス","core","status=not_started, stars=2"
"debt","deepVerification.notApproved","3320","クロスプラス","core","status=not_started, stars=2"
"debt","deepVerification.notApproved","3321","ミタチ産業","core","status=not_started, stars=2"
"debt","deepVerification.notApproved","3323","レカム","core","status=not_started, stars=2"
"debt","deepVerification.notApproved","3326","ランシステム","core","status=not_started, stars=2"
"debt","deepVerification.notApproved","3329","東和フードサービス","core","status=not_started, stars=2"
"debt","deepVerification.notApproved","332A","ミーク","core","status=not_started, stars=2"
"debt","deepVerification.notApproved","3333","あさひ","core","status=not_started, stars=2"
"debt","deepVerification.notApproved","3349","コスモス薬品","core","status=not_started, stars=2"
"debt","deepVerification.notApproved","334A","ビジュアル・プロセッシング・ジャパン","core","status=not_started, stars=2"
"debt","deepVerification.notApproved","3350","メタプラネット","core","status=not_started, stars=2"
"debt","deepVerification.notApproved","3352","バッファロー","core","status=not_started, stars=2"
"debt","deepVerification.notApproved","3353","メディカル一光グループ","core","status=not_started, stars=2"
"debt","deepVerification.notApproved","3355","クリヤマホールディングス","core","status=not_started, stars=2"
"debt","deepVerification.notApproved","3358","Ｔｒａｉｌｈｅａｄ Ｇｌｏｂａｌ Ｈｏｌｄｉｎｇｓ","core","status=not_started, stars=2"
"debt","deepVerification.notApproved","3359","ｃｏｔｔａ","core","status=not_started, stars=2"
"debt","deepVerification.notApproved","335A","ミライロ","core","status=not_started, stars=2"
"debt","deepVerification.notApproved","3360","シップヘルスケアホールディングス","core","status=not_started, stars=3"
"debt","deepVerification.notApproved","3361","トーエル","core","status=not_started, stars=2"
"debt","deepVerification.notApproved","336A","ダイナミックマッププラットフォーム","core","status=not_started, stars=2"
"debt","deepVerification.notApproved","3370","フジタコーポレーション","core","status=not_started, stars=2"
"debt","deepVerification.notApproved","3371","ソフトクリエイトホールディングス","core","status=not_started, stars=3"
"debt","deepVerification.notApproved","3372","関門海","core","status=not_started, stars=2"
"debt","deepVerification.notApproved","3374","内外テック","core","status=not_started, stars=2"
"debt","deepVerification.notApproved","3375","ＺＯＡ","core","status=not_started, stars=2"
"debt","deepVerification.notApproved","3377","バイク王＆カンパニー","core","status=not_started, stars=2"
"debt","deepVerification.notApproved","3382","セブン＆アイ・ホールディングス","core","status=not_started, stars=3"
"debt","deepVerification.notApproved","3386","コスモ・バイオ","core","status=not_started, stars=2"
"debt","deepVerification.notApproved","3387","クリエイト・レストランツ・ホールディングス","core","status=not_started, stars=2"
"debt","deepVerification.notApproved","3388","明治電機工業","core","status=not_started, stars=2"
"debt","deepVerification.notApproved","338A","ＺｅｎｍｕＴｅｃｈ","core","status=not_started, stars=2"
"debt","deepVerification.notApproved","3391","ツルハホールディングス","core","status=not_started, stars=3"
"debt","deepVerification.notApproved","3392","デリカフーズホールディングス","core","status=not_started, stars=2"
"debt","deepVerification.notApproved","3393","スターティアホールディングス","core","status=not_started, stars=2"
"debt","deepVerification.notApproved","3395","サンマルクホールディングス","core","status=not_started, stars=2"
"debt","deepVerification.notApproved","3396","フェリシモ","core","status=not_started, stars=2"
"debt","deepVerification.notApproved","3397","トリドールホールディングス","core","status=not_started, stars=3"
"debt","deepVerification.notApproved","3399","丸千代山岡家","core","status=not_started, stars=2"
"debt","deepVerification.notApproved","339A","プログレス・テクノロジーズ グループ","core","status=not_started, stars=2"
"debt","deepVerification.notApproved","3401","帝人","core","status=not_started, stars=2"
"debt","deepVerification.notApproved","3402","東レ","core","status=not_started, stars=3"
"debt","deepVerification.notApproved","3405","クラレ","core","status=not_started, stars=2"
"debt","deepVerification.notApproved","3407","旭化成","core","status=not_started, stars=3"
"debt","deepVerification.notApproved","3409","北紡","core","status=not_started, stars=2"
"debt","deepVerification.notApproved","340A","ジグザグ","core","status=not_started, stars=2"
"debt","deepVerification.notApproved","3415","ＴＯＫＹＯ ＢＡＳＥ","core","status=not_started, stars=2"
"debt","deepVerification.notApproved","3416","ピクスタ","core","status=not_started, stars=2"
"debt","deepVerification.notApproved","3417","大木ヘルスケアホールディングス","core","status=not_started, stars=2"
"debt","deepVerification.notApproved","3418","バルニバービ","core","status=not_started, stars=2"
"debt","deepVerification.notApproved","341A","トヨコー","core","status=not_started, stars=2"
"debt","deepVerification.notApproved","3420","ケー・エフ・シー","core","status=not_started, stars=2"
"debt","deepVerification.notApproved","3421","稲葉製作所","core","status=not_started, stars=2"
"debt","deepVerification.notApproved","3422","Ｊ－ＭＡＸ","core","status=not_started, stars=2"
"debt","deepVerification.notApproved","3423","エスイー","core","status=not_started, stars=2"
"debt","deepVerification.notApproved","3426","アトムリビンテック","core","status=not_started, stars=2"
"debt","deepVerification.notApproved","3431","宮地エンジニアリンググループ","core","status=not_started, stars=2"
"debt","deepVerification.notApproved","3433","トーカロ","core","status=not_started, stars=2"
"debt","deepVerification.notApproved","3434","アルファＣｏ","core","status=not_started, stars=2"
"debt","deepVerification.notApproved","3435","サンコーテクノ","core","status=not_started, stars=2"
"debt","deepVerification.notApproved","3436","ＳＵＭＣＯ","core","status=not_started, stars=2"
"debt","deepVerification.notApproved","3437","特殊電極","core","status=not_started, stars=2"
"debt","deepVerification.notApproved","3439","三ツ知","core","status=not_started, stars=2"
"debt","deepVerification.notApproved","343A","ＩＡＣＥトラベル","core","status=not_started, stars=2"
"debt","deepVerification.notApproved","3440","日創グループ","core","status=not_started, stars=2"
"debt","deepVerification.notApproved","3441","山王","core","status=not_started, stars=2"
"debt","deepVerification.notApproved","3443","川田テクノロジーズ","core","status=not_started, stars=2"
"debt","deepVerification.notApproved","3444","菊池製作所","core","status=not_started, stars=2"
"debt","deepVerification.notApproved","3445","ＲＳ Ｔｅｃｈｎｏｌｏｇｉｅｓ","core","status=not_started, stars=2"
"debt","deepVerification.notApproved","3446","ジェイテックコーポレーション","core","status=not_started, stars=2"
"debt","deepVerification.notApproved","3447","信和","core","status=not_started, stars=2"
"debt","deepVerification.notApproved","3449","テクノフレックス","core","status=not_started, stars=2"
"debt","deepVerification.notApproved","3452","ビーロット","core","status=not_started, stars=2"
"debt","deepVerification.notApproved","3454","ファーストブラザーズ","core","status=not_started, stars=2"
"debt","deepVerification.notApproved","3457","Ａｎｄ Ｄｏホールディングス","core","status=not_started, stars=2"
"debt","deepVerification.notApproved","3461","パルマ","core","status=not_started, stars=2"
"debt","deepVerification.notApproved","3465","ケイアイスター不動産","core","status=not_started, stars=2"
"debt","deepVerification.notApproved","3467","アグレ都市デザイン","core","status=not_started, stars=2"
"debt","deepVerification.notApproved","3469","デュアルタップ","core","status=not_started, stars=2"
"debt","deepVerification.notApproved","3474","Ｇ－ＦＡＣＴＯＲＹ","core","status=not_started, stars=2"
"debt","deepVerification.notApproved","3475","グッドコムアセット","core","status=not_started, stars=2"
"debt","deepVerification.notApproved","3477","フォーライフ","core","status=not_started, stars=2"
"debt","deepVerification.notApproved","3479","ＴＫＰ","core","status=not_started, stars=2"
"debt","deepVerification.notApproved","3480","ジェイ・エス・ビー","core","status=not_started, stars=2"
"debt","deepVerification.notApproved","3482","ロードスターキャピタル","core","status=not_started, stars=2"
"debt","deepVerification.notApproved","3484","イノベーションホールディングス","core","status=not_started, stars=2"
"debt","deepVerification.notApproved","3486","グローバル・リンク・マネジメント","core","status=not_started, stars=2"
"debt","deepVerification.notApproved","3489","フェイスネットワーク","core","status=not_started, stars=2"
"debt","deepVerification.notApproved","3490","アズ企画設計","core","status=not_started, stars=2"
"debt","deepVerification.notApproved","3491","GA technologies","core","status=not_started, stars=3"
"debt","deepVerification.notApproved","3494","マリオン","core","status=not_started, stars=2"
"debt","deepVerification.notApproved","3495","香陵住販","core","status=not_started, stars=2"
"debt","deepVerification.notApproved","3496","アズーム","core","status=not_started, stars=2"
"debt","deepVerification.notApproved","3498","霞ヶ関キャピタル","core","status=not_started, stars=2"
"debt","deepVerification.notApproved","3501","ＳＵＭＩＮＯＥ","core","status=not_started, stars=2"
"debt","deepVerification.notApproved","350A","デジタルグリッド","core","status=not_started, stars=2"
"debt","deepVerification.notApproved","3512","日本フエルト","core","status=not_started, stars=2"
"debt","deepVerification.notApproved","3513","イチカワ","core","status=not_started, stars=2"
"debt","deepVerification.notApproved","3521","テルマー湯ホールディングス","core","status=not_started, stars=2"
"debt","deepVerification.notApproved","3524","日東製網","core","status=not_started, stars=2"
"debt","deepVerification.notApproved","3529","アツギ","core","status=not_started, stars=2"
"debt","deepVerification.notApproved","352A","ＬＯＩＶＥ","core","status=not_started, stars=2"
"debt","deepVerification.notApproved","3536","アクサスホールディングス","core","status=not_started, stars=2"
"debt","deepVerification.notApproved","3537","昭栄薬品","core","status=not_started, stars=2"
"debt","deepVerification.notApproved","3538","ウイルプラスホールディングス","core","status=not_started, stars=2"
"debt","deepVerification.notApproved","3539","ＪＭホールディングス","core","status=not_started, stars=2"
"debt","deepVerification.notApproved","3542","ベガコーポレーション","core","status=not_started, stars=2"
"debt","deepVerification.notApproved","3543","コメダホールディングス","core","status=not_started, stars=3"
"debt","deepVerification.notApproved","3544","サツドラホールディングス","core","status=not_started, stars=2"
"debt","deepVerification.notApproved","3547","ユニシアホールディングス","core","status=not_started, stars=2"
"debt","deepVerification.notApproved","3548","バロックジャパンリミテッド","core","status=not_started, stars=2"
"debt","deepVerification.notApproved","3549","クスリのアオキホールディングス","core","status=not_started, stars=2"
"debt","deepVerification.notApproved","3550","スタジオアタオ","core","status=not_started, stars=2"
"debt","deepVerification.notApproved","3551","ダイニック","core","status=not_started, stars=2"
"debt","deepVerification.notApproved","3553","共和レザー","core","status=not_started, stars=2"
"debt","deepVerification.notApproved","3556","リネットジャパングループ","core","status=not_started, stars=2"
"debt","deepVerification.notApproved","3557","ユナイテッド＆コレクティブ","core","status=not_started, stars=2"
"debt","deepVerification.notApproved","3558","ジェイドグループ","core","status=not_started, stars=2"
"debt","deepVerification.notApproved","3559","ピーバンドットコム","core","status=not_started, stars=2"
"debt","deepVerification.notApproved","3560","ほぼ日","core","status=not_started, stars=2"
"debt","deepVerification.notApproved","3561","力の源ホールディングス","core","status=not_started, stars=2"
"debt","deepVerification.notApproved","3562","Ｎｏ．１","core","status=not_started, stars=2"
"debt","deepVerification.notApproved","3563","ＦＯＯＤ　＆　ＬＩＦＥ　ＣＯＭＰＡＮＩＥＳ","core","status=not_started, stars=2"
"debt","deepVerification.notApproved","3565","アセンテック","core","status=not_started, stars=2"
"debt","deepVerification.notApproved","3566","ユニフォームネクスト","core","status=not_started, stars=2"
"debt","deepVerification.notApproved","3569","セーレン","core","status=not_started, stars=2"
"debt","deepVerification.notApproved","3571","ソトー","core","status=not_started, stars=2"
"debt","deepVerification.notApproved","3577","東海染工","core","status=not_started, stars=2"
"debt","deepVerification.notApproved","3580","小松マテーレ","core","status=not_started, stars=2"
"debt","deepVerification.notApproved","3583","オーベクス","core","status=not_started, stars=2"
"debt","deepVerification.notApproved","3591","ワコールホールディングス","core","status=not_started, stars=2"
"debt","deepVerification.notApproved","3597","自重堂","core","status=not_started, stars=2"
"debt","deepVerification.notApproved","3598","山喜","core","status=not_started, stars=2"
"debt","deepVerification.notApproved","3600","フジックス","core","status=not_started, stars=2"
"debt","deepVerification.notApproved","3607","クラウディアホールディングス","core","status=not_started, stars=2"
"debt","deepVerification.notApproved","3608","ＴＳＩホールディングス","core","status=not_started, stars=2"
"debt","deepVerification.notApproved","3611","マツオカコーポレーション","core","status=not_started, stars=2"
"debt","deepVerification.notApproved","3612","ワールド","core","status=not_started, stars=2"
"debt","deepVerification.notApproved","3622","ネットイヤーグループ","core","status=not_started, stars=2"
"debt","deepVerification.notApproved","3623","ビリングシステム","core","status=not_started, stars=2"
"debt","deepVerification.notApproved","3624","アクセルマーク","core","status=not_started, stars=2"
"debt","deepVerification.notApproved","3625","テックファームホールディングス","core","status=not_started, stars=2"
"debt","deepVerification.notApproved","3626","ＴＩＳ","core","status=not_started, stars=3"
"debt","deepVerification.notApproved","3627","テクミラホールディングス","core","status=not_started, stars=2"
"debt","deepVerification.notApproved","3628","データホライゾン","core","status=not_started, stars=2"
"debt","deepVerification.notApproved","3632","グリーホールディングス","core","status=not_started, stars=3"
"debt","deepVerification.notApproved","3633","ＧＭＯペパボ","core","status=not_started, stars=2"
"debt","deepVerification.notApproved","3634","ソケッツ","core","status=not_started, stars=2"
"debt","deepVerification.notApproved","3635","コーエーテクモホールディングス","core","status=not_started, stars=3"
"debt","deepVerification.notApproved","3636","三菱総合研究所","core","status=not_started, stars=2"
"debt","deepVerification.notApproved","3639","ボルテージ","core","status=not_started, stars=2"
"debt","deepVerification.notApproved","3640","電算","core","status=not_started, stars=2"
"debt","deepVerification.notApproved","3641","パピレス","core","status=not_started, stars=2"
"debt","deepVerification.notApproved","3645","メディカルネット","core","status=not_started, stars=2"
"debt","deepVerification.notApproved","3646","駅探","core","status=not_started, stars=3"
"debt","deepVerification.notApproved","3647","アスリナ","core","status=not_started, stars=2"
"debt","deepVerification.notApproved","3648","ＡＧＳ","core","status=not_started, stars=2"
"debt","deepVerification.notApproved","3649","ファインデックス","core","status=not_started, stars=2"
"debt","deepVerification.notApproved","3652","ディジタルメディアプロフェッショナル","core","status=not_started, stars=2"
"debt","deepVerification.notApproved","3653","モルフォ","core","status=not_started, stars=2"
"debt","deepVerification.notApproved","3656","ＫＬａｂ","core","status=not_started, stars=2"
"debt","deepVerification.notApproved","3657","ポールトゥウィンホールディングス","core","status=not_started, stars=3"
"debt","deepVerification.notApproved","3659","ネクソン","core","status=not_started, stars=3"
"debt","deepVerification.notApproved","365A","伊澤タオル","core","status=not_started, stars=2"
"debt","deepVerification.notApproved","3660","アイスタイル","core","status=not_started, stars=2"
"debt","deepVerification.notApproved","3661","エムアップホールディングス","core","status=not_started, stars=3"
"debt","deepVerification.notApproved","3662","エイチームホールディングス","core","status=not_started, stars=2"
"debt","deepVerification.notApproved","3663","セルシス","core","status=not_started, stars=2"
"debt","deepVerification.notApproved","3664","ＷＩＺＥ","core","status=not_started, stars=2"
"debt","deepVerification.notApproved","3665","エニグモ","core","status=not_started, stars=2"
"debt","deepVerification.notApproved","3667","ｅｎｉｓｈ","core","status=not_started, stars=2"
"debt","deepVerification.notApproved","3668","コロプラ","core","status=not_started, stars=2"
"debt","deepVerification.notApproved","366A","ウェルネス・コミュニケーションズ","core","status=not_started, stars=2"
"debt","deepVerification.notApproved","3670","協立情報通信","core","status=not_started, stars=2"
"debt","deepVerification.notApproved","3671","ソフトマックス","core","status=not_started, stars=2"
"debt","deepVerification.notApproved","3672","オルトプラス","core","status=not_started, stars=2"
"debt","deepVerification.notApproved","3673","ブロードリーフ","core","status=not_started, stars=2"
"debt","deepVerification.notApproved","3674","オークファン","core","status=not_started, stars=2"
"debt","deepVerification.notApproved","3675","クロス・マーケティンググループ","core","status=not_started, stars=2"
"debt","deepVerification.notApproved","3676","デジタルハーツホールディングス","core","status=not_started, stars=2"
"debt","deepVerification.notApproved","3678","メディアドゥ","core","status=not_started, stars=2"
"debt","deepVerification.notApproved","3679","じげん","core","status=not_started, stars=2"
"debt","deepVerification.notApproved","367A","プリモグローバルホールディングス","core","status=not_started, stars=2"
"debt","deepVerification.notApproved","3680","ホットリンク","core","status=not_started, stars=2"
"debt","deepVerification.notApproved","3682","エンカレッジ・テクノロジ","core","status=not_started, stars=2"
"debt","deepVerification.notApproved","3683","サイバーリンクス","core","status=not_started, stars=2"
"debt","deepVerification.notApproved","3686","ディー・エル・イー","core","status=not_started, stars=2"
"debt","deepVerification.notApproved","3687","フィックスターズ","core","status=not_started, stars=2"
"debt","deepVerification.notApproved","368A","北里コーポレーション","core","status=not_started, stars=2"
"debt","deepVerification.notApproved","3690","イルグルム","core","status=not_started, stars=2"
"debt","deepVerification.notApproved","3691","デジタルプラス","core","status=not_started, stars=2"
"debt","deepVerification.notApproved","3692","ＦＦＲＩセキュリティ","core","status=not_started, stars=2"
"debt","deepVerification.notApproved","3694","オプティム","core","status=not_started, stars=2"
"debt","deepVerification.notApproved","3695","ＧＭＯプロダクトプラットフォーム","core","status=not_started, stars=2"
"debt","deepVerification.notApproved","3696","セレス","core","status=not_started, stars=2"
"debt","deepVerification.notApproved","3697","ＳＨＩＦＴ","core","status=not_started, stars=2"
"debt","deepVerification.notApproved","3698","ＣＲＩ・ミドルウェア","core","status=not_started, stars=2"
"debt","deepVerification.notApproved","369A","エータイ","core","status=not_started, stars=2"
"debt","deepVerification.notApproved","3708","特種東海製紙","core","status=not_started, stars=2"
"debt","deepVerification.notApproved","3710","ジョルダン","core","status=not_started, stars=2"
"debt","deepVerification.notApproved","3712","情報企画","core","status=not_started, stars=2"
"debt","deepVerification.notApproved","3719","ＡＩストーム","core","status=not_started, stars=2"
"debt","deepVerification.notApproved","3723","日本ファルコム","core","status=not_started, stars=2"
"debt","deepVerification.notApproved","3726","フォーシーズＨＤ","core","status=not_started, stars=2"
"debt","deepVerification.notApproved","3727","アプリックス","core","status=not_started, stars=2"
"debt","deepVerification.notApproved","372A","レント","core","status=not_started, stars=2"
"debt","deepVerification.notApproved","3733","ソフトウェア・サービス","core","status=not_started, stars=2"
"debt","deepVerification.notApproved","373A","リップス","core","status=not_started, stars=2"
"debt","deepVerification.notApproved","3741","セック","core","status=not_started, stars=2"
"debt","deepVerification.notApproved","3744","サイオス","core","status=not_started, stars=3"
"debt","deepVerification.notApproved","3747","インタートレード","core","status=not_started, stars=2"
"debt","deepVerification.notApproved","3750","ＡＤＲ１２０Ｓ","core","status=not_started, stars=2"
"debt","deepVerification.notApproved","3753","フライトソリューションズ","core","status=not_started, stars=2"
"debt","deepVerification.notApproved","3758","アエリア","core","status=not_started, stars=2"
"debt","deepVerification.notApproved","3760","ケイブ","core","status=not_started, stars=2"
"debt","deepVerification.notApproved","3762","テクマトリックス","core","status=not_started, stars=2"
"debt","deepVerification.notApproved","3763","プロシップ","core","status=not_started, stars=2"
"debt","deepVerification.notApproved","3765","ガンホー・オンライン・エンターテイメント","core","status=not_started, stars=2"
"debt","deepVerification.notApproved","3766","システムズ・デザイン","core","status=not_started, stars=2"
"debt","deepVerification.notApproved","3768","リスクモンスター","core","status=not_started, stars=2"
"debt","deepVerification.notApproved","3769","ＧＭＯペイメントゲートウェイ","core","status=not_started, stars=2"
"debt","deepVerification.notApproved","3771","システムリサーチ","core","status=not_started, stars=2"
"debt","deepVerification.notApproved","3772","ウェルス・マネジメント","core","status=not_started, stars=2"
"debt","deepVerification.notApproved","3773","アドバンスト・メディア","core","status=not_started, stars=2"
"debt","deepVerification.notApproved","3774","インターネットイニシアティブ","core","status=not_started, stars=2"
"debt","deepVerification.notApproved","3776","ブロードバンドタワー","core","status=not_started, stars=2"
"debt","deepVerification.notApproved","3777","環境フレンドリーホールディングス","core","status=not_started, stars=2"
"debt","deepVerification.notApproved","3778","さくらインターネット","core","status=not_started, stars=2"
"debt","deepVerification.notApproved","3779","ジェイ・エスコムホールディングス","core","status=not_started, stars=2"
"debt","deepVerification.notApproved","3787","テクノマセマティカル","core","status=not_started, stars=2"
"debt","deepVerification.notApproved","3788","ＧＭＯグローバルサイン・ホールディングス","core","status=not_started, stars=2"
"debt","deepVerification.notApproved","378A","ヒット","core","status=not_started, stars=2"
"debt","deepVerification.notApproved","3791","ＩＧポート","core","status=not_started, stars=2"
"debt","deepVerification.notApproved","3793","ドリコム","core","status=not_started, stars=2"
"debt","deepVerification.notApproved","3796","いい生活","core","status=not_started, stars=2"
"debt","deepVerification.notApproved","3798","ＵＬＳグループ","core","status=not_started, stars=2"
"debt","deepVerification.notApproved","3799","キーウェアソリューションズ","core","status=not_started, stars=2"
"debt","deepVerification.notApproved","3800","ユニリタ","core","status=not_started, stars=2"
"debt","deepVerification.notApproved","3802","エコミック","core","status=not_started, stars=2"
"debt","deepVerification.notApproved","3803","イメージ情報開発","core","status=not_started, stars=2"
"debt","deepVerification.notApproved","3804","システム ディ","core","status=not_started, stars=2"
"debt","deepVerification.notApproved","3807","フィスコ","core","status=not_started, stars=2"
"debt","deepVerification.notApproved","3810","サイバーステップホールディングス","core","status=not_started, stars=2"
"debt","deepVerification.notApproved","3815","メディア工房","core","status=not_started, stars=2"
"debt","deepVerification.notApproved","3816","大和コンピューター","core","status=not_started, stars=2"
"debt","deepVerification.notApproved","3817","ＳＲＡホールディングス","core","status=not_started, stars=2"
"debt","deepVerification.notApproved","3823","ＴＨＥ ＷＨＹ ＨＯＷ ＤＯ ＣＯＭＰＡＮＹ","core","status=not_started, stars=2"
"debt","deepVerification.notApproved","3826","システムインテグレータ","core","status=not_started, stars=2"
"debt","deepVerification.notApproved","3834","朝日ネット","core","status=not_started, stars=2"
"debt","deepVerification.notApproved","3835","ｅＢＡＳＥ","core","status=not_started, stars=2"
"debt","deepVerification.notApproved","3836","アバントグループ","core","status=not_started, stars=2"
"debt","deepVerification.notApproved","3837","アドソル日進","core","status=not_started, stars=2"
"debt","deepVerification.notApproved","3839","ＯＤＫソリューションズ","core","status=not_started, stars=2"
"debt","deepVerification.notApproved","3840","パス","core","status=not_started, stars=2"
"debt","deepVerification.notApproved","3841","ジーダット","core","status=not_started, stars=2"
"debt","deepVerification.notApproved","3842","ネクストジェン","core","status=not_started, stars=2"
"debt","deepVerification.notApproved","3843","フリービット","core","status=not_started, stars=2"
"debt","deepVerification.notApproved","3844","コムチュア","core","status=not_started, stars=2"
"debt","deepVerification.notApproved","3845","アイフリークモバイル","core","status=not_started, stars=2"
"debt","deepVerification.notApproved","3848","データ・アプリケーション","core","status=not_started, stars=2"
"debt","deepVerification.notApproved","3850","エヌ・ティ・ティ・データ・イントラマート","core","status=not_started, stars=2"
"debt","deepVerification.notApproved","3851","日本一ソフトウェア","core","status=not_started, stars=2"
"debt","deepVerification.notApproved","3853","アステリア","core","status=not_started, stars=2"
"debt","deepVerification.notApproved","3854","アイル","core","status=not_started, stars=2"
"debt","deepVerification.notApproved","3856","Ａｂａｌａｎｃｅ","core","status=not_started, stars=2"
"debt","deepVerification.notApproved","3858","ユビキタスＡＩ","core","status=not_started, stars=2"
"debt","deepVerification.notApproved","3861","王子ホールディングス","core","status=not_started, stars=2"
"debt","deepVerification.notApproved","3863","日本製紙","core","status=not_started, stars=2"
"debt","deepVerification.notApproved","3864","三菱製紙","core","status=not_started, stars=2"
"debt","deepVerification.notApproved","3865","北越コーポレーション","core","status=not_started, stars=2"
"debt","deepVerification.notApproved","3877","中越パルプ工業","core","status=not_started, stars=2"
"debt","deepVerification.notApproved","3878","巴川コーポレーション","core","status=not_started, stars=2"
"debt","deepVerification.notApproved","387A","フラー","core","status=not_started, stars=2"
"debt","deepVerification.notApproved","3880","大王製紙","core","status=not_started, stars=2"
"debt","deepVerification.notApproved","3891","ニッポン高度紙工業","core","status=not_started, stars=2"
"debt","deepVerification.notApproved","3892","岡山製紙","core","status=not_started, stars=2"
"debt","deepVerification.notApproved","3895","ハビックス","core","status=not_started, stars=2"
"debt","deepVerification.notApproved","3896","阿波製紙","core","status=not_started, stars=2"
"debt","deepVerification.notApproved","3900","クラウドワークス","core","status=not_started, stars=2"
"debt","deepVerification.notApproved","3901","マークラインズ","core","status=not_started, stars=2"
"debt","deepVerification.notApproved","3903","ｇｕｍｉ","core","status=not_started, stars=2"
"debt","deepVerification.notApproved","3904","カヤック","core","status=not_started, stars=2"
"debt","deepVerification.notApproved","3905","データセクション","core","status=not_started, stars=2"
"debt","deepVerification.notApproved","3907","シリコンスタジオ","core","status=not_started, stars=2"
"debt","deepVerification.notApproved","3908","コラボス","core","status=not_started, stars=2"
"debt","deepVerification.notApproved","3909","ショーケース","core","status=not_started, stars=2"
"debt","deepVerification.notApproved","3910","エムケイシステム","core","status=not_started, stars=2"
"debt","deepVerification.notApproved","3911","Ａｉｍｉｎｇ","core","status=not_started, stars=2"
"debt","deepVerification.notApproved","3912","モバイルファクトリー","core","status=not_started, stars=2"
"debt","deepVerification.notApproved","3913","ＧｒｅｅｎＢｅｅ","core","status=not_started, stars=2"
"debt","deepVerification.notApproved","3914","ＪＩＧ－ＳＡＷ","core","status=not_started, stars=2"
"debt","deepVerification.notApproved","3915","テラスカイ","core","status=not_started, stars=2"
"debt","deepVerification.notApproved","3916","デジタル・インフォメーション・テクノロジー","core","status=not_started, stars=2"
"debt","deepVerification.notApproved","3917","アイリッジ","core","status=not_started, stars=2"
"debt","deepVerification.notApproved","3918","ＰＣＩホールディングス","core","status=not_started, stars=2"
"debt","deepVerification.notApproved","3921","ネオジャパン","core","status=not_started, stars=2"
"debt","deepVerification.notApproved","3922","ＰＲ ＴＩＭＥＳ","core","status=not_started, stars=2"
"debt","deepVerification.notApproved","3923","ラクス","core","status=not_started, stars=2"
"debt","deepVerification.notApproved","3925","ダブルスタンダード","core","status=not_started, stars=2"
"debt","deepVerification.notApproved","3929","ソーシャルワイヤー","core","status=not_started, stars=2"
"debt","deepVerification.notApproved","3930","はてな","core","status=not_started, stars=2"
"debt","deepVerification.notApproved","3931","バリューゴルフ","core","status=not_started, stars=2"
"debt","deepVerification.notApproved","3932","アカツキ","core","status=not_started, stars=2"
"debt","deepVerification.notApproved","3936","グローバルウェイ","core","status=not_started, stars=2"
"debt","deepVerification.notApproved","3939","カナミックネットワーク","core","status=not_started, stars=2"
"debt","deepVerification.notApproved","3941","レンゴー","core","status=not_started, stars=2"
"debt","deepVerification.notApproved","3943","大石産業","core","status=not_started, stars=2"
"debt","deepVerification.notApproved","3944","古林紙工","core","status=not_started, stars=2"
"debt","deepVerification.notApproved","3945","スーパーバッグ","core","status=not_started, stars=2"
"debt","deepVerification.notApproved","3946","トーモク","core","status=not_started, stars=2"
"debt","deepVerification.notApproved","3947","ダイナパック","core","status=not_started, stars=2"
"debt","deepVerification.notApproved","3948","光ビジネスフォーム","core","status=not_started, stars=2"
"debt","deepVerification.notApproved","3950","ザ・パック","core","status=not_started, stars=2"
"debt","deepVerification.notApproved","3951","朝日印刷","core","status=not_started, stars=2"
"debt","deepVerification.notApproved","3953","大村紙業","core","status=not_started, stars=2"
"debt","deepVerification.notApproved","3954","昭和パックス","core","status=not_started, stars=2"
"debt","deepVerification.notApproved","3955","イムラ","core","status=not_started, stars=2"
"debt","deepVerification.notApproved","3958","笹徳印刷","core","status=not_started, stars=2"
"debt","deepVerification.notApproved","3962","チェンジホールディングス","core","status=not_started, stars=3"
"debt","deepVerification.notApproved","3963","シンクロ・フード","core","status=not_started, stars=2"
"debt","deepVerification.notApproved","3964","オークネット","core","status=not_started, stars=2"
"debt","deepVerification.notApproved","3967","エルテス","core","status=not_started, stars=2"
"debt","deepVerification.notApproved","3968","セグエグループ","core","status=not_started, stars=2"
"debt","deepVerification.notApproved","3976","シャノン","core","status=not_started, stars=2"
"debt","deepVerification.notApproved","3979","うるる","core","status=not_started, stars=2"
"debt","deepVerification.notApproved","3983","オロ","core","status=not_started, stars=2"
"debt","deepVerification.notApproved","3984","ユーザーローカル","core","status=not_started, stars=2"
"debt","deepVerification.notApproved","3987","エコモット","core","status=not_started, stars=2"
"debt","deepVerification.notApproved","3989","シェアリングテクノロジー","core","status=not_started, stars=2"
"debt","deepVerification.notApproved","3991","ウォンテッドリー","core","status=not_started, stars=2"
"debt","deepVerification.notApproved","3992","ニーズウェル","core","status=not_started, stars=2"
"debt","deepVerification.notApproved","3993","ＰＫＳＨＡ　Ｔｅｃｈｎｏｌｏｇｙ","core","status=not_started, stars=2"
"debt","deepVerification.notApproved","3994","マネーフォワード","core","status=not_started, stars=3"
"debt","deepVerification.notApproved","3998","すららネット","core","status=not_started, stars=2"
"debt","deepVerification.notApproved","4004","レゾナック・ホールディングス","core","status=not_started, stars=3"
"debt","deepVerification.notApproved","4005","住友化学","core","status=not_started, stars=3"
"debt","deepVerification.notApproved","4008","住友精化","core","status=not_started, stars=2"
"debt","deepVerification.notApproved","4011","ヘッドウォータース","core","status=not_started, stars=3"
"debt","deepVerification.notApproved","4013","勤次郎","core","status=not_started, stars=3"
"debt","deepVerification.notApproved","4014","カラダノート","core","status=not_started, stars=3"
"debt","deepVerification.notApproved","4015","ペイクラウドホールディングス","core","status=not_started, stars=2"
"debt","deepVerification.notApproved","4017","クリーマ","core","status=not_started, stars=2"
"debt","deepVerification.notApproved","4019","スタメン","core","status=not_started, stars=2"
"debt","deepVerification.notApproved","4020","ビートレンド","core","status=not_started, stars=2"
"debt","deepVerification.notApproved","4021","日産化学","core","status=not_started, stars=3"
"debt","deepVerification.notApproved","4022","ラサ工業","core","status=not_started, stars=2"
"debt","deepVerification.notApproved","4023","クレハ","core","status=not_started, stars=2"
"debt","deepVerification.notApproved","4025","多木化学","core","status=not_started, stars=2"
"debt","deepVerification.notApproved","4026","神島化学工業","core","status=not_started, stars=2"
"debt","deepVerification.notApproved","4027","テイカ","core","status=not_started, stars=2"
"debt","deepVerification.notApproved","4028","石原産業","core","status=not_started, stars=2"
"debt","deepVerification.notApproved","402A","アクセルスペースホールディングス","core","status=not_started, stars=2"
"debt","deepVerification.notApproved","4031","片倉コープアグリ","core","status=not_started, stars=2"
"debt","deepVerification.notApproved","4040","南海化学","core","status=not_started, stars=2"
"debt","deepVerification.notApproved","4041","日本曹達","core","status=not_started, stars=2"
"debt","deepVerification.notApproved","4042","東ソー","core","status=not_started, stars=3"
"debt","deepVerification.notApproved","4043","トクヤマ","core","status=not_started, stars=3"
"debt","deepVerification.notApproved","4044","セントラル硝子","core","status=not_started, stars=2"
"debt","deepVerification.notApproved","4045","東亞合成","core","status=not_started, stars=2"
"debt","deepVerification.notApproved","4046","大阪ソーダ","core","status=not_started, stars=2"
"debt","deepVerification.notApproved","4047","関東電化工業","core","status=not_started, stars=2"
"debt","deepVerification.notApproved","4051","ＧＭＯフィナンシャルゲート","core","status=not_started, stars=2"
"debt","deepVerification.notApproved","4052","フィーチャ","core","status=not_started, stars=2"
"debt","deepVerification.notApproved","4053","Ｓｕｎ Ａｓｔｅｒｉｓｋ","core","status=not_started, stars=2"
"debt","deepVerification.notApproved","4054","日本情報クリエイト","core","status=not_started, stars=2"
"debt","deepVerification.notApproved","4055","ティアンドエスグループ","core","status=not_started, stars=2"
"debt","deepVerification.notApproved","4056","ニューラルグループ","core","status=not_started, stars=2"
"debt","deepVerification.notApproved","4057","インターファクトリー","core","status=not_started, stars=2"
"debt","deepVerification.notApproved","4058","トヨクモ","core","status=not_started, stars=2"
"debt","deepVerification.notApproved","4060","ｒａｋｕｍｏ","core","status=not_started, stars=2"
"debt","deepVerification.notApproved","4061","デンカ","core","status=not_started, stars=3"
"debt","deepVerification.notApproved","4062","イビデン","core","status=not_started, stars=3"
"debt","deepVerification.notApproved","4063","信越化学工業","core","status=not_started, stars=3"
"debt","deepVerification.notApproved","4064","日本カーバイド工業","core","status=not_started, stars=2"
"debt","deepVerification.notApproved","4068","ベイシス","core","status=not_started, stars=2"
"debt","deepVerification.notApproved","4069","ＢｌｕｅＭｅｍｅ","core","status=not_started, stars=2"
"debt","deepVerification.notApproved","4071","プラスアルファ・コンサルティング","core","status=not_started, stars=2"
"debt","deepVerification.notApproved","4072","電算システムホールディングス","core","status=not_started, stars=2"
"debt","deepVerification.notApproved","4073","ジィ・シィ企画","core","status=not_started, stars=2"
"debt","deepVerification.notApproved","4074","ラキール","core","status=not_started, stars=2"
"debt","deepVerification.notApproved","4075","ブレインズテクノロジー","core","status=not_started, stars=2"
"debt","deepVerification.notApproved","4076","シイエヌエス","core","status=not_started, stars=2"
"debt","deepVerification.notApproved","4078","堺化学工業","core","status=not_started, stars=2"
"debt","deepVerification.notApproved","407A","ＵＮＩＣＯＮホールディングス","core","status=not_started, stars=2"
"debt","deepVerification.notApproved","4082","第一稀元素化学工業","core","status=not_started, stars=2"
"debt","deepVerification.notApproved","4088","エア・ウォーター","core","status=not_started, stars=2"
"debt","deepVerification.notApproved","4091","日本酸素ホールディングス","core","status=not_started, stars=2"
"debt","deepVerification.notApproved","4092","日本化学工業","core","status=not_started, stars=2"
"debt","deepVerification.notApproved","4093","東邦アセチレン","core","status=not_started, stars=2"
"debt","deepVerification.notApproved","4094","日本化学産業","core","status=not_started, stars=2"
"debt","deepVerification.notApproved","4095","日本パーカライジング","core","status=not_started, stars=2"
"debt","deepVerification.notApproved","4097","高圧ガス工業","core","status=not_started, stars=2"
"debt","deepVerification.notApproved","4098","チタン工業","core","status=not_started, stars=2"
"debt","deepVerification.notApproved","4099","四国化成ホールディングス","core","status=not_started, stars=2"
"debt","deepVerification.notApproved","409A","オリオンビール","core","status=not_started, stars=2"
"debt","deepVerification.notApproved","4100","戸田工業","core","status=not_started, stars=2"
"debt","deepVerification.notApproved","4102","丸尾カルシウム","core","status=not_started, stars=2"
"debt","deepVerification.notApproved","4107","伊勢化学工業","core","status=not_started, stars=2"
"debt","deepVerification.notApproved","4109","ステラ ケミファ","core","status=not_started, stars=2"
"debt","deepVerification.notApproved","410A","ＧＭＯコマース","core","status=not_started, stars=2"
"debt","deepVerification.notApproved","4112","保土谷化学工業","core","status=not_started, stars=2"
"debt","deepVerification.notApproved","4113","田岡化学工業","core","status=not_started, stars=2"
"debt","deepVerification.notApproved","4114","日本触媒","core","status=not_started, stars=3"
"debt","deepVerification.notApproved","4116","大日精化工業","core","status=not_started, stars=2"
"debt","deepVerification.notApproved","4118","カネカ","core","status=not_started, stars=2"
"debt","deepVerification.notApproved","4119","日本ピグメントホールディングス","core","status=not_started, stars=2"
"debt","deepVerification.notApproved","4120","スガイ化学工業","core","status=not_started, stars=2"
"debt","deepVerification.notApproved","4124","大阪油化工業","core","status=not_started, stars=2"
"debt","deepVerification.notApproved","4125","三和油化工業","core","status=not_started, stars=2"
"debt","deepVerification.notApproved","4151","協和キリン","core","status=not_started, stars=2"
"debt","deepVerification.notApproved","415A","ＧＭＯ ＴＥＣＨホールディングス","core","status=not_started, stars=2"
"debt","deepVerification.notApproved","4165","プレイド","core","status=not_started, stars=3"
"debt","deepVerification.notApproved","416A","富士ユナイトホールディングス","core","status=not_started, stars=2"
"debt","deepVerification.notApproved","417A","ブルーゾーンホールディングス","core","status=not_started, stars=2"
"debt","deepVerification.notApproved","4180","Ａｐｐｉｅｒ　Ｇｒｏｕｐ","core","status=not_started, stars=2"
"debt","deepVerification.notApproved","4182","三菱瓦斯化学","core","status=not_started, stars=2"
"debt","deepVerification.notApproved","4183","三井化学","core","status=not_started, stars=3"
"debt","deepVerification.notApproved","4186","東京応化工業","core","status=not_started, stars=2"
"debt","deepVerification.notApproved","4187","大阪有機化学工業","core","status=not_started, stars=2"
"debt","deepVerification.notApproved","4188","三菱ケミカルグループ","core","status=not_started, stars=3"
"debt","deepVerification.notApproved","4189","ＫＨネオケム","core","status=not_started, stars=2"
"debt","deepVerification.notApproved","4194","ビジョナル","core","status=not_started, stars=2"
"debt","deepVerification.notApproved","4202","ダイセル","core","status=not_started, stars=3"
"debt","deepVerification.notApproved","4203","住友ベークライト","core","status=not_started, stars=3"
"debt","deepVerification.notApproved","4204","積水化学工業","core","status=not_started, stars=3"
"debt","deepVerification.notApproved","4205","日本ゼオン","core","status=not_started, stars=2"
"debt","deepVerification.notApproved","4206","アイカ工業","core","status=not_started, stars=2"
"debt","deepVerification.notApproved","4208","ＵＢＥ","core","status=not_started, stars=2"
"debt","deepVerification.notApproved","4212","積水樹脂","core","status=not_started, stars=2"
"debt","deepVerification.notApproved","4216","旭有機材","core","status=not_started, stars=2"
"debt","deepVerification.notApproved","4218","ニチバン","core","status=not_started, stars=2"
"debt","deepVerification.notApproved","421A","ムービン・ストラテジック・キャリア","core","status=not_started, stars=3"
"debt","deepVerification.notApproved","4220","リケンテクノス","core","status=not_started, stars=2"
"debt","deepVerification.notApproved","4221","大倉工業","core","status=not_started, stars=2"
"debt","deepVerification.notApproved","4222","児玉化学工業","core","status=not_started, stars=2"
"debt","deepVerification.notApproved","4224","ロンシール工業","core","status=not_started, stars=2"
"debt","deepVerification.notApproved","4228","積水化成品工業","core","status=not_started, stars=2"
"debt","deepVerification.notApproved","4229","群栄化学工業","core","status=not_started, stars=2"
"debt","deepVerification.notApproved","4231","タイガースポリマー","core","status=not_started, stars=2"
"debt","deepVerification.notApproved","4234","サンエー化研","core","status=not_started, stars=2"
"debt","deepVerification.notApproved","4235","ウルトラファブリックス・ホールディングス","core","status=not_started, stars=2"
"debt","deepVerification.notApproved","4237","フジプレアム","core","status=not_started, stars=2"
"debt","deepVerification.notApproved","4238","ミライアル","core","status=not_started, stars=2"
"debt","deepVerification.notApproved","423A","ライオン事務器","core","status=not_started, stars=2"
"debt","deepVerification.notApproved","4240","クラスターテクノロジー","core","status=not_started, stars=2"
"debt","deepVerification.notApproved","4241","アテクト","core","status=not_started, stars=2"
"debt","deepVerification.notApproved","4242","タカギセイコー","core","status=not_started, stars=2"
"debt","deepVerification.notApproved","4243","ニックス","core","status=not_started, stars=2"
"debt","deepVerification.notApproved","4245","ダイキアクシス","core","status=not_started, stars=2"
"debt","deepVerification.notApproved","4246","ダイキョーニシカワ","core","status=not_started, stars=2"
"debt","deepVerification.notApproved","4247","ポバール興業","core","status=not_started, stars=2"
"debt","deepVerification.notApproved","4248","竹本容器","core","status=not_started, stars=2"
"debt","deepVerification.notApproved","4249","森六","core","status=not_started, stars=2"
"debt","deepVerification.notApproved","4251","恵和","core","status=not_started, stars=2"
"debt","deepVerification.notApproved","4272","日本化薬","core","status=not_started, stars=2"
"debt","deepVerification.notApproved","4274","細谷火工","core","status=not_started, stars=2"
"debt","deepVerification.notApproved","4275","カーリット","core","status=not_started, stars=2"
"debt","deepVerification.notApproved","4286","ＣＬホールディングス","core","status=not_started, stars=2"
"debt","deepVerification.notApproved","4290","プレステージ・インターナショナル","core","status=not_started, stars=2"
"debt","deepVerification.notApproved","4293","セプテーニ・ホールディングス","core","status=not_started, stars=2"
"debt","deepVerification.notApproved","429A","テクセンドフォトマスク","core","status=not_started, stars=2"
"debt","deepVerification.notApproved","4301","アミューズ","core","status=not_started, stars=2"
"debt","deepVerification.notApproved","4307","野村総合研究所","core","status=not_started, stars=2"
"debt","deepVerification.notApproved","4310","ドリームインキュベータ","core","status=not_started, stars=2"
"debt","deepVerification.notApproved","4317","レイ","core","status=not_started, stars=2"
"debt","deepVerification.notApproved","4318","クイック","core","status=not_started, stars=2"
"debt","deepVerification.notApproved","4323","日本システム技術","core","status=not_started, stars=2"
"debt","deepVerification.notApproved","4324","電通グループ","core","status=not_started, stars=3"
"debt","deepVerification.notApproved","4326","インテージホールディングス","core","status=not_started, stars=2"
"debt","deepVerification.notApproved","4331","テイクアンドギヴ・ニーズ","core","status=not_started, stars=2"
"debt","deepVerification.notApproved","4337","ぴあ","core","status=not_started, stars=2"
"debt","deepVerification.notApproved","4341","西菱電機","core","status=not_started, stars=2"
"debt","deepVerification.notApproved","4343","イオンファンタジー","core","status=not_started, stars=2"
"debt","deepVerification.notApproved","4344","ソースネクスト","core","status=not_started, stars=2"
"debt","deepVerification.notApproved","4345","シーティーエス","core","status=not_started, stars=2"
"debt","deepVerification.notApproved","4346","ＮＥＸＹＺ．Ｇｒｏｕｐ","core","status=not_started, stars=2"
"debt","deepVerification.notApproved","4347","ブロードメディア","core","status=not_started, stars=2"
"debt","deepVerification.notApproved","4350","メディカルシステムネットワーク","core","status=not_started, stars=2"
"debt","deepVerification.notApproved","4351","山田再生系債権回収総合事務所","core","status=not_started, stars=2"
"debt","deepVerification.notApproved","4360","マナック・ケミカル・パートナーズ","core","status=not_started, stars=2"
"debt","deepVerification.notApproved","4361","川口化学工業","core","status=not_started, stars=2"
"debt","deepVerification.notApproved","4362","日本精化","core","status=not_started, stars=2"
"debt","deepVerification.notApproved","4365","松本油脂製薬","core","status=not_started, stars=2"
"debt","deepVerification.notApproved","4366","ダイトーケミックス","core","status=not_started, stars=2"
"debt","deepVerification.notApproved","4367","広栄化学","core","status=not_started, stars=2"
"debt","deepVerification.notApproved","4368","扶桑化学工業","core","status=not_started, stars=2"
"debt","deepVerification.notApproved","4369","トリケミカル研究所","core","status=not_started, stars=3"
"debt","deepVerification.notApproved","4373","シンプレクス・ホールディングス","core","status=not_started, stars=3"
"debt","deepVerification.notApproved","4375","セーフィー","core","status=not_started, stars=3"
"debt","deepVerification.notApproved","4382","ＨＥＲＯＺ","core","status=not_started, stars=2"
"debt","deepVerification.notApproved","4385","メルカリ","core","status=not_started, stars=3"
"debt","deepVerification.notApproved","4390","ＩＰＳ","core","status=not_started, stars=2"
"debt","deepVerification.notApproved","4392","ＦＩＧ","core","status=not_started, stars=2"
"debt","deepVerification.notApproved","4396","システムサポートホールディングス","core","status=not_started, stars=2"
"debt","deepVerification.notApproved","4401","ＡＤＥＫＡ","core","status=not_started, stars=3"
"debt","deepVerification.notApproved","4403","日油","core","status=not_started, stars=2"
"debt","deepVerification.notApproved","4404","ミヨシ油脂","core","status=not_started, stars=2"
"debt","deepVerification.notApproved","4406","新日本理化","core","status=not_started, stars=2"
"debt","deepVerification.notApproved","4409","東邦化学工業","core","status=not_started, stars=2"
"debt","deepVerification.notApproved","4410","ハリマ化成グループ","core","status=not_started, stars=2"
"debt","deepVerification.notApproved","4413","ボードルア","core","status=not_started, stars=2"
"debt","deepVerification.notApproved","441A","ＮＥ","core","status=not_started, stars=2"
"debt","deepVerification.notApproved","4420","イーソル","core","status=not_started, stars=2"
"debt","deepVerification.notApproved","442A","クラシコ","core","status=not_started, stars=2"
"debt","deepVerification.notApproved","4432","ウイングアーク１ｓｔ","core","status=not_started, stars=2"
"debt","deepVerification.notApproved","4433","ヒト・コミュニケーションズ・ホールディングス","core","status=not_started, stars=2"
"debt","deepVerification.notApproved","4434","サーバーワークス","core","status=not_started, stars=2"
"debt","deepVerification.notApproved","4443","Sansan","core","status=not_started, stars=3"
"debt","deepVerification.notApproved","4446","Ｌｉｎｋ－Ｕグループ","core","status=not_started, stars=2"
"debt","deepVerification.notApproved","4452","花王","core","status=not_started, stars=3"
"debt","deepVerification.notApproved","4461","第一工業製薬","core","status=not_started, stars=2"
"debt","deepVerification.notApproved","4462","石原ケミカル","core","status=not_started, stars=2"
"debt","deepVerification.notApproved","4463","日華化学","core","status=not_started, stars=2"
"debt","deepVerification.notApproved","4464","ソフト９９コーポレーション","core","status=not_started, stars=2"
"debt","deepVerification.notApproved","4465","ニイタカ","core","status=not_started, stars=2"
"debt","deepVerification.notApproved","446A","ノースサンド","core","status=not_started, stars=2"
"debt","deepVerification.notApproved","4471","三洋化成工業","core","status=not_started, stars=2"
"debt","deepVerification.notApproved","4475","HENNGE","core","status=not_started, stars=3"
"debt","deepVerification.notApproved","4478","フリー","core","status=not_started, stars=3"
"debt","deepVerification.notApproved","4480","メドレー","core","status=not_started, stars=2"
"debt","deepVerification.notApproved","4481","ベース","core","status=not_started, stars=2"
"debt","deepVerification.notApproved","4483","ＪＭＤＣ","core","status=not_started, stars=2"
"debt","deepVerification.notApproved","4502","武田薬品工業","core","status=not_started, stars=3"
"debt","deepVerification.notApproved","4503","アステラス製薬","core","status=not_started, stars=3"
"debt","deepVerification.notApproved","4506","住友ファーマ","core","status=not_started, stars=2"
"debt","deepVerification.notApproved","4507","塩野義製薬","core","status=not_started, stars=2"
"debt","deepVerification.notApproved","4512","わかもと製薬","core","status=not_started, stars=2"
"debt","deepVerification.notApproved","4516","日本新薬","core","status=not_started, stars=2"
"debt","deepVerification.notApproved","4519","中外製薬","core","status=not_started, stars=3"
"debt","deepVerification.notApproved","4521","科研製薬","core","status=not_started, stars=2"
"debt","deepVerification.notApproved","4523","エーザイ","core","status=not_started, stars=3"
"debt","deepVerification.notApproved","4524","森下仁丹","core","status=not_started, stars=2"
"debt","deepVerification.notApproved","4526","理研ビタミン","core","status=not_started, stars=2"
"debt","deepVerification.notApproved","4527","ロート製薬","core","status=not_started, stars=2"
"debt","deepVerification.notApproved","4528","小野薬品工業","core","status=not_started, stars=2"
"debt","deepVerification.notApproved","4531","有機合成薬品工業","core","status=not_started, stars=2"
"debt","deepVerification.notApproved","4534","持田製薬","core","status=not_started, stars=2"
"debt","deepVerification.notApproved","4536","参天製薬","core","status=not_started, stars=2"
"debt","deepVerification.notApproved","4538","扶桑薬品工業","core","status=not_started, stars=2"
"debt","deepVerification.notApproved","4539","日本ケミファ","core","status=not_started, stars=2"
"debt","deepVerification.notApproved","4540","ツムラ","core","status=not_started, stars=2"
"debt","deepVerification.notApproved","4543","テルモ","core","status=not_started, stars=3"
"debt","deepVerification.notApproved","4544","Ｈ．Ｕ．グループホールディングス","core","status=not_started, stars=3"
"debt","deepVerification.notApproved","4547","キッセイ薬品工業","core","status=not_started, stars=2"
"debt","deepVerification.notApproved","4548","生化学工業","core","status=not_started, stars=2"
"debt","deepVerification.notApproved","4549","栄研化学","core","status=not_started, stars=2"
"debt","deepVerification.notApproved","4552","ＪＣＲファーマ","core","status=not_started, stars=2"
"debt","deepVerification.notApproved","4553","東和薬品","core","status=not_started, stars=2"
"debt","deepVerification.notApproved","4554","富士製薬工業","core","status=not_started, stars=2"
"debt","deepVerification.notApproved","4558","中京医薬品","core","status=not_started, stars=2"
"debt","deepVerification.notApproved","4559","ゼリア新薬工業","core","status=not_started, stars=2"
"debt","deepVerification.notApproved","4563","アンジェス","core","status=not_started, stars=2"
"debt","deepVerification.notApproved","4564","オンコセラピー・サイエンス","core","status=not_started, stars=2"
"debt","deepVerification.notApproved","4565","ネクセラファーマ","core","status=not_started, stars=2"
"debt","deepVerification.notApproved","4568","第一三共","core","status=not_started, stars=3"
"debt","deepVerification.notApproved","4569","杏林製薬","core","status=not_started, stars=2"
"debt","deepVerification.notApproved","456A","ＨＵＭＡＮ ＭＡＤＥ","core","status=not_started, stars=2"
"debt","deepVerification.notApproved","4570","免疫生物研究所","core","status=not_started, stars=2"
"debt","deepVerification.notApproved","4571","ＮＡＮＯホールディングス","core","status=not_started, stars=2"
"debt","deepVerification.notApproved","4572","カルナバイオサイエンス","core","status=not_started, stars=2"
"debt","deepVerification.notApproved","4574","大幸薬品","core","status=not_started, stars=2"
"debt","deepVerification.notApproved","4575","キャンバス","core","status=not_started, stars=2"
"debt","deepVerification.notApproved","4576","デ・ウエスタン・セラピテクス研究所","core","status=not_started, stars=2"
"debt","deepVerification.notApproved","4577","ダイト","core","status=not_started, stars=2"
"debt","deepVerification.notApproved","4578","大塚ホールディングス","core","status=not_started, stars=2"
"debt","deepVerification.notApproved","4579","ラクオリア創薬","core","status=not_started, stars=2"
"debt","deepVerification.notApproved","4582","シンバイオ製薬","core","status=not_started, stars=2"
"debt","deepVerification.notApproved","4583","カイオム・バイオサイエンス","core","status=not_started, stars=2"
"debt","deepVerification.notApproved","4584","キッズウェル・バイオ","core","status=not_started, stars=2"
"debt","deepVerification.notApproved","4586","メドレックス","core","status=not_started, stars=2"
"debt","deepVerification.notApproved","4587","ペプチドリーム","core","status=not_started, stars=2"
"debt","deepVerification.notApproved","4588","オンコリスバイオファーマ","core","status=not_started, stars=2"
"debt","deepVerification.notApproved","4591","リボミック","core","status=not_started, stars=2"
"debt","deepVerification.notApproved","4592","サンバイオ","core","status=not_started, stars=2"
"debt","deepVerification.notApproved","4593","ヘリオス","core","status=not_started, stars=3"
"debt","deepVerification.notApproved","4594","ブライトパス・バイオ","core","status=not_started, stars=2"
"debt","deepVerification.notApproved","4595","ミズホメディー","core","status=not_started, stars=2"
"debt","deepVerification.notApproved","4596","窪田製薬ホールディングス","core","status=not_started, stars=2"
"debt","deepVerification.notApproved","4597","ソレイジア・ファーマ","core","status=not_started, stars=2"
"debt","deepVerification.notApproved","4598","Ｄｅｌｔａ－Ｆｌｙ Ｐｈａｒｍａ","core","status=not_started, stars=2"
"debt","deepVerification.notApproved","4599","ステムリム","core","status=not_started, stars=2"
"debt","deepVerification.notApproved","4611","大日本塗料","core","status=not_started, stars=2"
"debt","deepVerification.notApproved","4612","日本ペイントホールディングス","core","status=not_started, stars=3"
"debt","deepVerification.notApproved","4613","関西ペイント","core","status=not_started, stars=2"
"debt","deepVerification.notApproved","4615","神東塗料","core","status=not_started, stars=2"
"debt","deepVerification.notApproved","4616","川上塗料","core","status=not_started, stars=2"
"debt","deepVerification.notApproved","4617","中国塗料","core","status=not_started, stars=2"
"debt","deepVerification.notApproved","4619","日本特殊塗料","core","status=not_started, stars=2"
"debt","deepVerification.notApproved","4620","藤倉化成","core","status=not_started, stars=2"
"debt","deepVerification.notApproved","4623","アサヒペン","core","status=not_started, stars=2"
"debt","deepVerification.notApproved","4624","イサム塗料","core","status=not_started, stars=2"
"debt","deepVerification.notApproved","4625","アトミクス","core","status=not_started, stars=2"
"debt","deepVerification.notApproved","4626","太陽ホールディングス","core","status=not_started, stars=2"
"debt","deepVerification.notApproved","4627","ナトコ","core","status=not_started, stars=2"
"debt","deepVerification.notApproved","4628","エスケー化研","core","status=not_started, stars=2"
"debt","deepVerification.notApproved","4629","大伸化学","core","status=not_started, stars=2"
"debt","deepVerification.notApproved","462A","ＦＵＮＤＩＮＮＯ","core","status=not_started, stars=2"
"debt","deepVerification.notApproved","4631","ＤＩＣ","core","status=not_started, stars=2"
"debt","deepVerification.notApproved","4633","サカタインクス","core","status=not_started, stars=2"
"debt","deepVerification.notApproved","4634","ａｒｔｉｅｎｃｅ","core","status=not_started, stars=2"
"debt","deepVerification.notApproved","4635","東京インキ","core","status=not_started, stars=2"
"debt","deepVerification.notApproved","463A","インテリックスホールディングス","core","status=not_started, stars=2"
"debt","deepVerification.notApproved","4641","アルプス技研","core","status=not_started, stars=2"
"debt","deepVerification.notApproved","4642","オリジナル設計","core","status=not_started, stars=2"
"debt","deepVerification.notApproved","4645","市進ホールディングス","core","status=not_started, stars=2"
"debt","deepVerification.notApproved","4650","ＳＤエンターテイメント","core","status=not_started, stars=2"
"debt","deepVerification.notApproved","4651","サニックスホールディングス","core","status=not_started, stars=2"
"debt","deepVerification.notApproved","4657","環境管理センター","core","status=not_started, stars=2"
"debt","deepVerification.notApproved","4658","日本空調サービス","core","status=not_started, stars=2"
"debt","deepVerification.notApproved","4661","オリエンタルランド","core","status=not_started, stars=3"
"debt","deepVerification.notApproved","4662","フォーカスシステムズ","core","status=not_started, stars=2"
"debt","deepVerification.notApproved","4664","アール・エス・シー","core","status=not_started, stars=2"
"debt","deepVerification.notApproved","4665","ダスキン","core","status=not_started, stars=2"
"debt","deepVerification.notApproved","4666","パーク２４","core","status=not_started, stars=2"
"debt","deepVerification.notApproved","4668","明光ネットワークジャパン","core","status=not_started, stars=2"
"debt","deepVerification.notApproved","4671","ファルコホールディングス","core","status=not_started, stars=2"
"debt","deepVerification.notApproved","4673","川崎地質","core","status=not_started, stars=2"
"debt","deepVerification.notApproved","4674","クレスコ","core","status=not_started, stars=2"
"debt","deepVerification.notApproved","4676","フジ・メディア・ホールディングス","core","status=not_started, stars=3"
"debt","deepVerification.notApproved","4678","秀英予備校","core","status=not_started, stars=2"
"debt","deepVerification.notApproved","4679","田谷","core","status=not_started, stars=2"
"debt","deepVerification.notApproved","4680","ラウンドワン","core","status=not_started, stars=2"
"debt","deepVerification.notApproved","4681","リゾートトラスト","core","status=not_started, stars=2"
"debt","deepVerification.notApproved","4684","オービック","core","status=not_started, stars=2"
"debt","deepVerification.notApproved","4686","ジャストシステム","core","status=not_started, stars=2"
"debt","deepVerification.notApproved","4687","ＴＤＣソフト","core","status=not_started, stars=2"
"debt","deepVerification.notApproved","4689","LINEヤフー","core","status=not_started, stars=3"
"debt","deepVerification.notApproved","4691","ワシントンホテル","core","status=not_started, stars=2"
"debt","deepVerification.notApproved","4694","ビー・エム・エル","core","status=not_started, stars=2"
"debt","deepVerification.notApproved","469A","フィットクルー","core","status=not_started, stars=2"
"debt","deepVerification.notApproved","4704","トレンドマイクロ","core","status=not_started, stars=2"
"debt","deepVerification.notApproved","4705","クリップコーポレーション","core","status=not_started, stars=2"
"debt","deepVerification.notApproved","4709","ＩＤホールディングス","core","status=not_started, stars=2"
"debt","deepVerification.notApproved","4714","リソー教育グループ","core","status=not_started, stars=2"
"debt","deepVerification.notApproved","4716","日本オラクル","core","status=not_started, stars=2"
"debt","deepVerification.notApproved","4718","早稲田アカデミー","core","status=not_started, stars=2"
"debt","deepVerification.notApproved","4719","アルファシステムズ","core","status=not_started, stars=2"
"debt","deepVerification.notApproved","471A","ＮＳグループ","core","status=not_started, stars=2"
"debt","deepVerification.notApproved","4722","フューチャー","core","status=not_started, stars=2"
"debt","deepVerification.notApproved","4725","ＣＡＣ Ｈｏｌｄｉｎｇｓ","core","status=not_started, stars=2"
"debt","deepVerification.notApproved","4732","ユー・エス・エス","core","status=not_started, stars=2"
"debt","deepVerification.notApproved","4733","オービックビジネスコンサルタント","core","status=not_started, stars=2"
"debt","deepVerification.notApproved","4743","アイティフォー","core","status=not_started, stars=2"
"debt","deepVerification.notApproved","4751","サイバーエージェント","core","status=not_started, stars=2"
"debt","deepVerification.notApproved","4755","楽天グループ","core","status=not_started, stars=3"
"debt","deepVerification.notApproved","4763","クリーク・アンド・リバー社","core","status=not_started, stars=2"
"debt","deepVerification.notApproved","4765","ＳＢＩグローバルアセットマネジメント","core","status=not_started, stars=2"
"debt","deepVerification.notApproved","4768","大塚商会","core","status=not_started, stars=2"
"debt","deepVerification.notApproved","4776","サイボウズ","core","status=not_started, stars=2"
"debt","deepVerification.notApproved","477A","スタートライン","core","status=not_started, stars=2"
"debt","deepVerification.notApproved","4784","ＧＭＯインターネット","core","status=not_started, stars=2"
"debt","deepVerification.notApproved","4792","山田コンサルティンググループ","core","status=not_started, stars=2"
"debt","deepVerification.notApproved","4801","セントラルスポーツ","core","status=not_started, stars=2"
"debt","deepVerification.notApproved","4809","パラカ","core","status=not_started, stars=2"
"debt","deepVerification.notApproved","480A","リブ・コンサルティング","core","status=not_started, stars=2"
"debt","deepVerification.notApproved","4812","電通総研","core","status=not_started, stars=2"
"debt","deepVerification.notApproved","4813","ＡＣＣＥＳＳ","core","status=not_started, stars=2"
"debt","deepVerification.notApproved","4819","デジタルガレージ","core","status=not_started, stars=2"
"debt","deepVerification.notApproved","4820","イーエムシステムズ","core","status=not_started, stars=2"
"debt","deepVerification.notApproved","4825","ウェザーニューズ","core","status=not_started, stars=2"
"debt","deepVerification.notApproved","4826","ＣＩＪ","core","status=not_started, stars=2"
"debt","deepVerification.notApproved","4828","ビジネスエンジニアリング","core","status=not_started, stars=2"
"debt","deepVerification.notApproved","4833","Ｄｅｆ ｃｏｎｓｕｌｔｉｎｇ","core","status=not_started, stars=2"
"debt","deepVerification.notApproved","4839","ＷＯＷＯＷ","core","status=not_started, stars=2"
"debt","deepVerification.notApproved","4847","インテリジェント ウェイブ","core","status=not_started, stars=2"
"debt","deepVerification.notApproved","4848","フルキャストホールディングス","core","status=not_started, stars=2"
"debt","deepVerification.notApproved","4849","エン","core","status=not_started, stars=2"
"debt","deepVerification.notApproved","485A","パワーエックス","core","status=not_started, stars=2"
"debt","deepVerification.notApproved","4880","セルソース","core","status=not_started, stars=2"
"debt","deepVerification.notApproved","4881","ファンペップ","core","status=not_started, stars=2"
"debt","deepVerification.notApproved","4882","ペルセウスプロテオミクス","core","status=not_started, stars=2"
"debt","deepVerification.notApproved","4883","モダリス","core","status=not_started, stars=2"
"debt","deepVerification.notApproved","4884","クリングルファーマ","core","status=not_started, stars=2"
"debt","deepVerification.notApproved","4885","室町ケミカル","core","status=not_started, stars=2"
"debt","deepVerification.notApproved","4886","あすか製薬ホールディングス","core","status=not_started, stars=2"
"debt","deepVerification.notApproved","4887","サワイグループホールディングス","core","status=not_started, stars=2"
"debt","deepVerification.notApproved","4888","ステラファーマ","core","status=not_started, stars=2"
"debt","deepVerification.notApproved","4889","レナサイエンス","core","status=not_started, stars=2"
"debt","deepVerification.notApproved","4890","坪田ラボ","core","status=not_started, stars=2"
"debt","deepVerification.notApproved","4891","ティムス","core","status=not_started, stars=2"
"debt","deepVerification.notApproved","4892","サイフューズ","core","status=not_started, stars=2"
"debt","deepVerification.notApproved","4893","ノイルイミューン・バイオテック","core","status=not_started, stars=2"
"debt","deepVerification.notApproved","4894","クオリプス","core","status=not_started, stars=3"
"debt","deepVerification.notApproved","4896","ケイファーマ","core","status=not_started, stars=2"
"debt","deepVerification.notApproved","4901","富士フイルムホールディングス","core","status=not_started, stars=3"
"debt","deepVerification.notApproved","4902","コニカミノルタ","core","status=not_started, stars=2"
"debt","deepVerification.notApproved","4911","資生堂","core","status=not_started, stars=3"
"debt","deepVerification.notApproved","4912","ライオン","core","status=not_started, stars=2"
"debt","deepVerification.notApproved","4914","高砂香料工業","core","status=not_started, stars=2"
"debt","deepVerification.notApproved","4918","アイビー化粧品","core","status=not_started, stars=2"
"debt","deepVerification.notApproved","4919","ミルボン","core","status=not_started, stars=2"
"debt","deepVerification.notApproved","4920","日本色材工業研究所","core","status=not_started, stars=2"
"debt","deepVerification.notApproved","4922","コーセーホールディングス","core","status=not_started, stars=2"
"debt","deepVerification.notApproved","4923","コタ","core","status=not_started, stars=2"
"debt","deepVerification.notApproved","4925","ハーバー研究所","core","status=not_started, stars=2"
"debt","deepVerification.notApproved","4926","シーボン","core","status=not_started, stars=2"
"debt","deepVerification.notApproved","4927","ポーラ・オルビスホールディングス","core","status=not_started, stars=2"
"debt","deepVerification.notApproved","4928","ノエビアホールディングス","core","status=not_started, stars=2"
"debt","deepVerification.notApproved","4929","アジュバンホールディングス","core","status=not_started, stars=2"
"debt","deepVerification.notApproved","4931","新日本製薬","core","status=not_started, stars=2"
"debt","deepVerification.notApproved","4932","アルマード","core","status=not_started, stars=2"
"debt","deepVerification.notApproved","4933","Ｉ－ｎｅ","core","status=not_started, stars=2"
"debt","deepVerification.notApproved","4934","プレミアアンチエイジング","core","status=not_started, stars=2"
"debt","deepVerification.notApproved","4935","リベルタ","core","status=not_started, stars=2"
"debt","deepVerification.notApproved","4936","アクシージア","core","status=not_started, stars=2"
"debt","deepVerification.notApproved","4937","Ｗａｑｏｏ","core","status=not_started, stars=2"
"debt","deepVerification.notApproved","4951","エステー","core","status=not_started, stars=2"
"debt","deepVerification.notApproved","4956","コニシ","core","status=not_started, stars=2"
"debt","deepVerification.notApproved","4958","長谷川香料","core","status=not_started, stars=2"
"debt","deepVerification.notApproved","4960","ケミプロ化成","core","status=not_started, stars=2"
"debt","deepVerification.notApproved","4966","上村工業","core","status=not_started, stars=2"
"debt","deepVerification.notApproved","4967","小林製薬","core","status=not_started, stars=2"
"debt","deepVerification.notApproved","4968","荒川化学工業","core","status=not_started, stars=2"
"debt","deepVerification.notApproved","4970","東洋合成工業","core","status=not_started, stars=3"
"debt","deepVerification.notApproved","4971","メック","core","status=not_started, stars=2"
"debt","deepVerification.notApproved","4972","綜研化学","core","status=not_started, stars=2"
"debt","deepVerification.notApproved","4973","日本高純度化学","core","status=not_started, stars=2"
"debt","deepVerification.notApproved","4975","ＪＣＵ","core","status=not_started, stars=2"
"debt","deepVerification.notApproved","4976","東洋ドライルーブ","core","status=not_started, stars=2"
"debt","deepVerification.notApproved","4977","新田ゼラチン","core","status=not_started, stars=2"
"debt","deepVerification.notApproved","4978","リプロセル","core","status=not_started, stars=2"
"debt","deepVerification.notApproved","4979","ＯＡＴアグリオ","core","status=not_started, stars=2"
"debt","deepVerification.notApproved","4980","デクセリアルズ","core","status=not_started, stars=2"
"debt","deepVerification.notApproved","4985","アース製薬","core","status=not_started, stars=2"
"debt","deepVerification.notApproved","4990","昭和化学工業","core","status=not_started, stars=2"
"debt","deepVerification.notApproved","4992","北興化学工業","core","status=not_started, stars=2"
"debt","deepVerification.notApproved","4994","大成ラミックグループ","core","status=not_started, stars=3"
"debt","deepVerification.notApproved","4996","クミアイ化学工業","core","status=not_started, stars=2"
"debt","deepVerification.notApproved","4997","日本農薬","core","status=not_started, stars=2"
"debt","deepVerification.notApproved","4998","フマキラー","core","status=not_started, stars=2"
"debt","deepVerification.notApproved","5010","日本精蝋","core","status=not_started, stars=2"
"debt","deepVerification.notApproved","5011","ニチレキグループ","core","status=not_started, stars=2"
"debt","deepVerification.notApproved","5013","ユシロ","core","status=not_started, stars=2"
"debt","deepVerification.notApproved","5015","ビーピー・カストロール","core","status=not_started, stars=2"
"debt","deepVerification.notApproved","5016","ＪＸ金属","core","status=not_started, stars=2"
"debt","deepVerification.notApproved","5018","ＭＯＲＥＳＣＯ","core","status=not_started, stars=2"
"debt","deepVerification.notApproved","5019","出光興産","core","status=not_started, stars=3"
"debt","deepVerification.notApproved","5020","ENEOSホールディングス","core","status=not_started, stars=3"
"debt","deepVerification.notApproved","5021","コスモエネルギーホールディングス","core","status=not_started, stars=2"
"debt","deepVerification.notApproved","5031","モイ","core","status=not_started, stars=2"
"debt","deepVerification.notApproved","5032","ＡＮＹＣＯＬＯＲ","core","status=not_started, stars=2"
"debt","deepVerification.notApproved","5036","日本ビジネスシステムズ","core","status=not_started, stars=2"
"debt","deepVerification.notApproved","5038","eWeLL","core","status=not_started, stars=3"
"debt","deepVerification.notApproved","504A","イノバセル","core","status=not_started, stars=2"
"debt","deepVerification.notApproved","5074","テスホールディングス","core","status=not_started, stars=2"
"debt","deepVerification.notApproved","5076","インフロニア・ホールディングス","core","status=not_started, stars=2"
"debt","deepVerification.notApproved","5078","セレコーポレーション","core","status=not_started, stars=2"
"debt","deepVerification.notApproved","5079","ノバック","core","status=not_started, stars=2"
"debt","deepVerification.notApproved","5101","横浜ゴム","core","status=not_started, stars=2"
"debt","deepVerification.notApproved","5103","昭和ホールディングス","core","status=not_started, stars=2"
"debt","deepVerification.notApproved","5105","ＴＯＹＯ ＴＩＲＥ","core","status=not_started, stars=2"
"debt","deepVerification.notApproved","5108","ブリヂストン","core","status=not_started, stars=3"
"debt","deepVerification.notApproved","5110","住友ゴム工業","core","status=not_started, stars=2"
"debt","deepVerification.notApproved","5121","藤倉コンポジット","core","status=not_started, stars=2"
"debt","deepVerification.notApproved","5122","オカモト","core","status=not_started, stars=2"
"debt","deepVerification.notApproved","5161","西川ゴム工業","core","status=not_started, stars=2"
"debt","deepVerification.notApproved","5162","朝日ラバー","core","status=not_started, stars=2"
"debt","deepVerification.notApproved","5184","ニチリン","core","status=not_started, stars=2"
"debt","deepVerification.notApproved","5185","フコク","core","status=not_started, stars=2"
"debt","deepVerification.notApproved","5186","ニッタ","core","status=not_started, stars=2"
"debt","deepVerification.notApproved","5187","クリエートメディック","core","status=not_started, stars=2"
"debt","deepVerification.notApproved","5189","櫻護謨","core","status=not_started, stars=2"
"debt","deepVerification.notApproved","5192","三ツ星ベルト","core","status=not_started, stars=2"
"debt","deepVerification.notApproved","5194","相模ゴム工業","core","status=not_started, stars=2"
"debt","deepVerification.notApproved","5195","バンドー化学","core","status=not_started, stars=2"
"debt","deepVerification.notApproved","5199","不二ラテックス","core","status=not_started, stars=2"
"debt","deepVerification.notApproved","5201","AGC","core","status=not_started, stars=3"
"debt","deepVerification.notApproved","5202","日本板硝子","core","status=not_started, stars=2"
"debt","deepVerification.notApproved","5204","石塚硝子","core","status=not_started, stars=2"
"debt","deepVerification.notApproved","520A","ジェイファーマ","core","status=not_started, stars=2"
"debt","deepVerification.notApproved","5210","日本山村硝子","core","status=not_started, stars=2"
"debt","deepVerification.notApproved","5214","日本電気硝子","core","status=not_started, stars=2"
"debt","deepVerification.notApproved","5216","倉元製作所","core","status=not_started, stars=2"
"debt","deepVerification.notApproved","5218","オハラ","core","status=not_started, stars=2"
"debt","deepVerification.notApproved","5232","住友大阪セメント","core","status=not_started, stars=2"
"debt","deepVerification.notApproved","5233","太平洋セメント","core","status=not_started, stars=2"
"debt","deepVerification.notApproved","5237","ノザワ","core","status=not_started, stars=2"
"debt","deepVerification.notApproved","523A","セイワホールディングス","core","status=not_started, stars=2"
"debt","deepVerification.notApproved","5253","カバー","core","status=not_started, stars=3"
"debt","deepVerification.notApproved","5261","リソルホールディングス","core","status=not_started, stars=2"
"debt","deepVerification.notApproved","5262","日本ヒューム","core","status=not_started, stars=2"
"debt","deepVerification.notApproved","5268","旭コンクリート工業","core","status=not_started, stars=2"
"debt","deepVerification.notApproved","5269","日本コンクリート工業","core","status=not_started, stars=2"
"debt","deepVerification.notApproved","5271","トーヨーアサノ","core","status=not_started, stars=2"
"debt","deepVerification.notApproved","5273","三谷セキサン","core","status=not_started, stars=2"
"debt","deepVerification.notApproved","5279","日本興業","core","status=not_started, stars=2"
"debt","deepVerification.notApproved","5280","ヨシコン","core","status=not_started, stars=2"
"debt","deepVerification.notApproved","5282","ジオスター","core","status=not_started, stars=2"
"debt","deepVerification.notApproved","5283","高見澤","core","status=not_started, stars=2"
"debt","deepVerification.notApproved","5284","ヤマウホールディングス","core","status=not_started, stars=2"
"debt","deepVerification.notApproved","5285","ヤマックス","core","status=not_started, stars=2"
"debt","deepVerification.notApproved","5287","イトーヨーギョー","core","status=not_started, stars=2"
"debt","deepVerification.notApproved","5288","アジアパイルホールディングス","core","status=not_started, stars=2"
"debt","deepVerification.notApproved","5290","ベルテクスコーポレーション","core","status=not_started, stars=2"
"debt","deepVerification.notApproved","5301","東海カーボン","core","status=not_started, stars=2"
"debt","deepVerification.notApproved","5302","日本カーボン","core","status=not_started, stars=2"
"debt","deepVerification.notApproved","5304","ＳＥＣカーボン","core","status=not_started, stars=2"
"debt","deepVerification.notApproved","5310","東洋炭素","core","status=not_started, stars=2"
"debt","deepVerification.notApproved","5331","ノリタケ","core","status=not_started, stars=2"
"debt","deepVerification.notApproved","5332","TOTO","core","status=not_started, stars=3"
"debt","deepVerification.notApproved","5333","NGK","core","status=not_started, stars=3"
"debt","deepVerification.notApproved","5334","日本特殊陶業","core","status=not_started, stars=2"
"debt","deepVerification.notApproved","5337","ダントーホールディングス","core","status=not_started, stars=2"
"debt","deepVerification.notApproved","5341","ＡＳＡＨＩ ＥＩＴＯホールディングス","core","status=not_started, stars=2"
"debt","deepVerification.notApproved","5344","ＭＡＲＵＷＡ","core","status=not_started, stars=2"
"debt","deepVerification.notApproved","5351","品川リフラ","core","status=not_started, stars=2"
"debt","deepVerification.notApproved","5355","日本坩堝","core","status=not_started, stars=2"
"debt","deepVerification.notApproved","5356","美濃窯業","core","status=not_started, stars=2"
"debt","deepVerification.notApproved","5357","ヨータイ","core","status=not_started, stars=2"
"debt","deepVerification.notApproved","5363","東京窯業","core","status=not_started, stars=2"
"debt","deepVerification.notApproved","5367","ニッカトー","core","status=not_started, stars=2"
"debt","deepVerification.notApproved","5368","日本インシュレーション","core","status=not_started, stars=2"
"debt","deepVerification.notApproved","5380","新東","core","status=not_started, stars=2"
"debt","deepVerification.notApproved","5381","マイポックス","core","status=not_started, stars=2"
"debt","deepVerification.notApproved","5384","フジミインコーポレーテッド","core","status=not_started, stars=2"
"debt","deepVerification.notApproved","5388","クニミネ工業","core","status=not_started, stars=2"
"debt","deepVerification.notApproved","5391","エーアンドエーマテリアル","core","status=not_started, stars=2"
"debt","deepVerification.notApproved","5393","ニチアス","core","status=not_started, stars=2"
"debt","deepVerification.notApproved","5401","日本製鉄","core","status=not_started, stars=3"
"debt","deepVerification.notApproved","5406","神戸製鋼所","core","status=not_started, stars=2"
"debt","deepVerification.notApproved","5408","中山製鋼所","core","status=not_started, stars=2"
"debt","deepVerification.notApproved","5410","合同製鐵","core","status=not_started, stars=2"
"debt","deepVerification.notApproved","5411","JFEホールディングス","core","status=not_started, stars=3"
"debt","deepVerification.notApproved","5423","東京製鐵","core","status=not_started, stars=2"
"debt","deepVerification.notApproved","542A","ビタブリッドジャパン","core","status=not_started, stars=2"
"debt","deepVerification.notApproved","543A","ＡＲＣＨＩＯＮ","core","status=not_started, stars=2"
"debt","deepVerification.notApproved","5440","共英製鋼","core","status=not_started, stars=2"
"debt","deepVerification.notApproved","5444","大和工業","core","status=not_started, stars=2"
"debt","deepVerification.notApproved","5445","東京鐵鋼","core","status=not_started, stars=2"
"debt","deepVerification.notApproved","5446","北越メタル","core","status=not_started, stars=2"
"debt","deepVerification.notApproved","5449","大阪製鐵","core","status=not_started, stars=2"
"debt","deepVerification.notApproved","544A","ＧＭＳグループ","core","status=not_started, stars=3"
"debt","deepVerification.notApproved","5451","ヨドコウ","core","status=not_started, stars=2"
"debt","deepVerification.notApproved","5458","高砂鐵工","core","status=not_started, stars=2"
"debt","deepVerification.notApproved","545A","トランヴィア","core","status=not_started, stars=3"
"debt","deepVerification.notApproved","5461","中部鋼鈑","core","status=not_started, stars=2"
"debt","deepVerification.notApproved","5463","丸一鋼管","core","status=not_started, stars=2"
"debt","deepVerification.notApproved","5464","モリ工業","core","status=not_started, stars=2"
"debt","deepVerification.notApproved","546A","ＭＩＲＡＩＮＩホールディングス","core","status=not_started, stars=2"
"debt","deepVerification.notApproved","5471","大同特殊鋼","core","status=not_started, stars=2"
"debt","deepVerification.notApproved","547A","ムニノバホールディングス","core","status=not_started, stars=2"
"debt","deepVerification.notApproved","5480","日本冶金工業","core","status=not_started, stars=2"
"debt","deepVerification.notApproved","5482","愛知製鋼","core","status=not_started, stars=2"
"debt","deepVerification.notApproved","5484","東北特殊鋼","core","status=not_started, stars=2"
"debt","deepVerification.notApproved","5491","日本金属","core","status=not_started, stars=2"
"debt","deepVerification.notApproved","5527","ｐｒｏｐｅｒｔｙ ｔｅｃｈｎｏｌｏｇｉｅｓ","core","status=not_started, stars=2"
"debt","deepVerification.notApproved","5532","リアルゲイト","core","status=not_started, stars=2"
"debt","deepVerification.notApproved","5533","エリッツホールディングス","core","status=not_started, stars=2"
"debt","deepVerification.notApproved","5535","ミガロホールディングス","core","status=not_started, stars=2"
"debt","deepVerification.notApproved","5537","ＡｌｂａＬｉｎｋ","core","status=not_started, stars=2"
"debt","deepVerification.notApproved","5541","大平洋金属","core","status=not_started, stars=2"
"debt","deepVerification.notApproved","5542","新報国マテリアル","core","status=not_started, stars=2"
"debt","deepVerification.notApproved","5563","新日本電工","core","status=not_started, stars=2"
"debt","deepVerification.notApproved","556A","犬猫生活","core","status=not_started, stars=2"
"debt","deepVerification.notApproved","5574","ABEJA","core","status=not_started, stars=3"
"debt","deepVerification.notApproved","558A","ＳＱＵＥＥＺＥ","core","status=not_started, stars=2"
"debt","deepVerification.notApproved","5599","S&J","core","status=not_started, stars=3"
"debt","deepVerification.notApproved","559A","梅乃宿酒造","core","status=not_started, stars=2"
"debt","deepVerification.notApproved","5602","栗本鐵工所","core","status=not_started, stars=2"
"debt","deepVerification.notApproved","5603","虹技","core","status=not_started, stars=2"
"debt","deepVerification.notApproved","5609","日本鋳造","core","status=not_started, stars=2"
"debt","deepVerification.notApproved","5612","日本鋳鉄管","core","status=not_started, stars=2"
"debt","deepVerification.notApproved","5631","日本製鋼所","core","status=not_started, stars=3"
"debt","deepVerification.notApproved","5632","三菱製鋼","core","status=not_started, stars=2"
"debt","deepVerification.notApproved","5644","メタルアート","core","status=not_started, stars=2"
"debt","deepVerification.notApproved","5658","日亜鋼業","core","status=not_started, stars=2"
"debt","deepVerification.notApproved","5659","日本精線","core","status=not_started, stars=2"
"debt","deepVerification.notApproved","5660","神鋼鋼線工業","core","status=not_started, stars=2"
"debt","deepVerification.notApproved","5695","パウダーテック","core","status=not_started, stars=2"
"debt","deepVerification.notApproved","5697","サンユウ","core","status=not_started, stars=2"
"debt","deepVerification.notApproved","5698","エンビプロ・ホールディングス","core","status=not_started, stars=2"
"debt","deepVerification.notApproved","5699","イボキン","core","status=not_started, stars=2"
"debt","deepVerification.notApproved","5702","大紀アルミニウム工業所","core","status=not_started, stars=2"
"debt","deepVerification.notApproved","5703","日本軽金属ホールディングス","core","status=not_started, stars=2"
"debt","deepVerification.notApproved","5704","ＪＭＣ","core","status=not_started, stars=2"
"debt","deepVerification.notApproved","5706","三井金属","core","status=not_started, stars=2"
"debt","deepVerification.notApproved","5707","東邦亜鉛","core","status=not_started, stars=2"
"debt","deepVerification.notApproved","5711","三菱マテリアル","core","status=not_started, stars=3"
"debt","deepVerification.notApproved","5713","住友金属鉱山","core","status=not_started, stars=3"
"debt","deepVerification.notApproved","5714","ＤＯＷＡホールディングス","core","status=not_started, stars=3"
"debt","deepVerification.notApproved","5715","古河機械金属","core","status=not_started, stars=2"
"debt","deepVerification.notApproved","5721","エスクリプトエナジー","core","status=not_started, stars=2"
"debt","deepVerification.notApproved","5724","アサカ理研","core","status=not_started, stars=2"
"debt","deepVerification.notApproved","5726","大阪チタニウムテクノロジーズ","core","status=not_started, stars=2"
"debt","deepVerification.notApproved","5729","日本精鉱","core","status=not_started, stars=2"
"debt","deepVerification.notApproved","5741","ＵＡＣＪ","core","status=not_started, stars=2"
"debt","deepVerification.notApproved","5742","エヌアイシ・オートテック","core","status=not_started, stars=2"
"debt","deepVerification.notApproved","5753","日本伸銅","core","status=not_started, stars=2"
"debt","deepVerification.notApproved","5757","ＣＫサンエツ","core","status=not_started, stars=2"
"debt","deepVerification.notApproved","575A","前澤ホールディングス","core","status=not_started, stars=3"
"debt","deepVerification.notApproved","5801","古河電気工業","core","status=not_started, stars=3"
"debt","deepVerification.notApproved","5802","住友電気工業","core","status=not_started, stars=3"
"debt","deepVerification.notApproved","5803","フジクラ","core","status=not_started, stars=3"
"debt","deepVerification.notApproved","5805","ＳＷＣＣ","core","status=not_started, stars=2"
"debt","deepVerification.notApproved","5816","オーナンバ","core","status=not_started, stars=2"
"debt","deepVerification.notApproved","5817","ＪＭＡＣＳ","core","status=not_started, stars=2"
"debt","deepVerification.notApproved","5819","カナレ電気","core","status=not_started, stars=2"
"debt","deepVerification.notApproved","5820","三ッ星","core","status=not_started, stars=2"
"debt","deepVerification.notApproved","5821","平河ヒューテック","core","status=not_started, stars=2"
"debt","deepVerification.notApproved","5830","いよぎんホールディングス","core","status=not_started, stars=2"
"debt","deepVerification.notApproved","5831","しずおかフィナンシャルグループ","core","status=not_started, stars=2"
"debt","deepVerification.notApproved","5832","ちゅうぎんフィナンシャルグループ","core","status=not_started, stars=2"
"debt","deepVerification.notApproved","5834","ＳＢＩリーシングサービス","core","status=not_started, stars=2"
"debt","deepVerification.notApproved","5838","楽天銀行","core","status=not_started, stars=2"
"debt","deepVerification.notApproved","5842","インテグラル","core","status=not_started, stars=2"
"debt","deepVerification.notApproved","5843","ニッポンインシュア","core","status=not_started, stars=2"
"debt","deepVerification.notApproved","5844","京都フィナンシャルグループ","core","status=not_started, stars=2"
"debt","deepVerification.notApproved","5845","全保連","core","status=not_started, stars=2"
"debt","deepVerification.notApproved","5851","リョービ","core","status=not_started, stars=2"
"debt","deepVerification.notApproved","5852","アーレスティ","core","status=not_started, stars=2"
"debt","deepVerification.notApproved","5857","ＡＲＥホールディングス","core","status=not_started, stars=2"
"debt","deepVerification.notApproved","5858","ＳＴＧ","core","status=not_started, stars=2"
"debt","deepVerification.notApproved","5867","エスネットワークス","core","status=not_started, stars=2"
"debt","deepVerification.notApproved","5870","ナルネットコミュニケーションズ","core","status=not_started, stars=2"
"debt","deepVerification.notApproved","5884","クラダシ","core","status=not_started, stars=2"
"debt","deepVerification.notApproved","5885","ジーデップ・アドバンス","core","status=not_started, stars=2"
"debt","deepVerification.notApproved","5888","ＤＡＩＷＡ ＣＹＣＬＥ","core","status=not_started, stars=2"
"debt","deepVerification.notApproved","5889","Ｊａｐａｎ Ｅｙｅｗｅａｒ Ｈｏｌｄｉｎｇｓ","core","status=not_started, stars=2"
"debt","deepVerification.notApproved","5892","ｙｕｔｏｒｉ","core","status=not_started, stars=2"
"debt","deepVerification.notApproved","589A","ネイス","core","status=not_started, stars=2"
"debt","deepVerification.notApproved","5900","ダイケン","core","status=not_started, stars=2"
"debt","deepVerification.notApproved","5901","東洋製罐グループホールディングス","core","status=not_started, stars=3"
"debt","deepVerification.notApproved","5902","ホッカンホールディングス","core","status=not_started, stars=2"
"debt","deepVerification.notApproved","5905","日本製罐","core","status=not_started, stars=2"
"debt","deepVerification.notApproved","5906","エムケー精工","core","status=not_started, stars=2"
"debt","deepVerification.notApproved","5909","コロナ","core","status=not_started, stars=2"
"debt","deepVerification.notApproved","5911","横河ブリッジホールディングス","core","status=not_started, stars=2"
"debt","deepVerification.notApproved","5915","駒井ハルテック","core","status=not_started, stars=2"
"debt","deepVerification.notApproved","5918","瀧上工業","core","status=not_started, stars=2"
"debt","deepVerification.notApproved","5921","川岸工業","core","status=not_started, stars=2"
"debt","deepVerification.notApproved","5922","那須電機鉄工","core","status=not_started, stars=2"
"debt","deepVerification.notApproved","5923","高田機工","core","status=not_started, stars=2"
"debt","deepVerification.notApproved","5928","アルメタックス","core","status=not_started, stars=2"
"debt","deepVerification.notApproved","5929","三和ホールディングス","core","status=not_started, stars=3"
"debt","deepVerification.notApproved","5930","文化シヤッター","core","status=not_started, stars=2"
"debt","deepVerification.notApproved","5932","三協立山","core","status=not_started, stars=2"
"debt","deepVerification.notApproved","5933","アルインコ","core","status=not_started, stars=2"
"debt","deepVerification.notApproved","5936","東洋シヤッター","core","status=not_started, stars=2"
"debt","deepVerification.notApproved","5938","ＬＩＸＩＬ","core","status=not_started, stars=2"
"debt","deepVerification.notApproved","5939","大谷工業","core","status=not_started, stars=2"
"debt","deepVerification.notApproved","5940","不二サッシ","core","status=not_started, stars=2"
"debt","deepVerification.notApproved","5941","中西製作所","core","status=not_started, stars=2"
"debt","deepVerification.notApproved","5942","日本フイルコン","core","status=not_started, stars=2"
"debt","deepVerification.notApproved","5943","ノーリツ","core","status=not_started, stars=2"
"debt","deepVerification.notApproved","5945","天龍製鋸","core","status=not_started, stars=2"
"debt","deepVerification.notApproved","5946","長府製作所","core","status=not_started, stars=2"
"debt","deepVerification.notApproved","5947","リンナイ","core","status=not_started, stars=2"
"debt","deepVerification.notApproved","5949","ユニプレス","core","status=not_started, stars=2"
"debt","deepVerification.notApproved","5950","日本パワーファスニング","core","status=not_started, stars=2"
"debt","deepVerification.notApproved","5951","ダイニチ工業","core","status=not_started, stars=2"
"debt","deepVerification.notApproved","5952","アマテイ","core","status=not_started, stars=2"
"debt","deepVerification.notApproved","5955","ワイズホールディングス","core","status=not_started, stars=2"
"debt","deepVerification.notApproved","5956","トーソー","core","status=not_started, stars=2"
"debt","deepVerification.notApproved","5957","日東精工","core","status=not_started, stars=2"
"debt","deepVerification.notApproved","5958","三洋工業","core","status=not_started, stars=2"
"debt","deepVerification.notApproved","5959","岡部","core","status=not_started, stars=2"
"debt","deepVerification.notApproved","5962","浅香工業","core","status=not_started, stars=2"
"debt","deepVerification.notApproved","5965","フジマック","core","status=not_started, stars=2"
"debt","deepVerification.notApproved","5966","京都機械工具","core","status=not_started, stars=2"
"debt","deepVerification.notApproved","5967","ＴＯＮＥ","core","status=not_started, stars=2"
"debt","deepVerification.notApproved","5969","ロブテックス","core","status=not_started, stars=2"
"debt","deepVerification.notApproved","5970","ジーテクト","core","status=not_started, stars=2"
"debt","deepVerification.notApproved","5971","共和工業所","core","status=not_started, stars=2"
"debt","deepVerification.notApproved","5973","トーアミ","core","status=not_started, stars=2"
"debt","deepVerification.notApproved","5974","中国工業","core","status=not_started, stars=2"
"debt","deepVerification.notApproved","5975","東プレ","core","status=not_started, stars=2"
"debt","deepVerification.notApproved","5976","高周波熱錬","core","status=not_started, stars=2"
"debt","deepVerification.notApproved","5981","東京製綱","core","status=not_started, stars=2"
"debt","deepVerification.notApproved","5982","マルゼン","core","status=not_started, stars=2"
"debt","deepVerification.notApproved","5983","イワブチ","core","status=not_started, stars=2"
"debt","deepVerification.notApproved","5984","兼房","core","status=not_started, stars=2"
"debt","deepVerification.notApproved","5985","サンコール","core","status=not_started, stars=2"
"debt","deepVerification.notApproved","5986","モリテック スチール","core","status=not_started, stars=2"
"debt","deepVerification.notApproved","5987","オーネックス","core","status=not_started, stars=2"
"debt","deepVerification.notApproved","5988","パイオラックス","core","status=not_started, stars=2"
"debt","deepVerification.notApproved","5989","エイチワン","core","status=not_started, stars=2"
"debt","deepVerification.notApproved","5990","スーパーツール","core","status=not_started, stars=2"
"debt","deepVerification.notApproved","5991","日本発條","core","status=not_started, stars=2"
"debt","deepVerification.notApproved","5992","中央発條","core","status=not_started, stars=2"
"debt","deepVerification.notApproved","5994","ファインシンター","core","status=not_started, stars=2"
"debt","deepVerification.notApproved","5997","協立エアテック","core","status=not_started, stars=2"
"debt","deepVerification.notApproved","5998","アドバネクス","core","status=not_started, stars=2"
"debt","deepVerification.notApproved","6005","三浦工業","core","status=not_started, stars=3"
"debt","deepVerification.notApproved","6013","タクマ","core","status=not_started, stars=2"
"debt","deepVerification.notApproved","6016","ジャパンエンジンコーポレーション","core","status=not_started, stars=2"
"debt","deepVerification.notApproved","6018","阪神内燃機工業","core","status=not_started, stars=2"
"debt","deepVerification.notApproved","6022","赤阪鐵工所","core","status=not_started, stars=2"
"debt","deepVerification.notApproved","6023","ダイハツインフィニアース","core","status=not_started, stars=2"
"debt","deepVerification.notApproved","6027","弁護士ドットコム","core","status=not_started, stars=2"
"debt","deepVerification.notApproved","6030","アドベンチャー","core","status=not_started, stars=2"
"debt","deepVerification.notApproved","6031","ＺＥＴＡ","core","status=not_started, stars=2"
"debt","deepVerification.notApproved","6033","エクストリーム","core","status=not_started, stars=2"
"debt","deepVerification.notApproved","6034","ＭＲＴ","core","status=not_started, stars=2"
"debt","deepVerification.notApproved","6035","アイ・アールジャパンホールディングス","core","status=not_started, stars=2"
"debt","deepVerification.notApproved","6036","ＫｅｅＰｅｒ技研","core","status=not_started, stars=2"
"debt","deepVerification.notApproved","6038","イード","core","status=not_started, stars=2"
"debt","deepVerification.notApproved","6039","日本動物高度医療センター","core","status=not_started, stars=2"
"debt","deepVerification.notApproved","6040","日本スキー場開発","core","status=not_started, stars=2"
"debt","deepVerification.notApproved","6042","ニッキ","core","status=not_started, stars=2"
"debt","deepVerification.notApproved","6045","レントラックス","core","status=not_started, stars=2"
"debt","deepVerification.notApproved","6047","Ｇｕｎｏｓｙ","core","status=not_started, stars=2"
"debt","deepVerification.notApproved","6049","イトクロ","core","status=not_started, stars=2"
"debt","deepVerification.notApproved","6050","イー・ガーディアン","core","status=not_started, stars=2"
"debt","deepVerification.notApproved","6055","ジャパンマテリアル","core","status=not_started, stars=2"
"debt","deepVerification.notApproved","6058","ベクトル","core","status=not_started, stars=2"
"debt","deepVerification.notApproved","6062","チャーム・ケア・コーポレーション","core","status=not_started, stars=2"
"debt","deepVerification.notApproved","6069","トレンダーズ","core","status=not_started, stars=2"
"debt","deepVerification.notApproved","6070","キャリアリンク","core","status=not_started, stars=2"
"debt","deepVerification.notApproved","6071","ＩＢＪ","core","status=not_started, stars=2"
"debt","deepVerification.notApproved","6073","アサンテ","core","status=not_started, stars=2"
"debt","deepVerification.notApproved","6078","バリューＨＲ","core","status=not_started, stars=2"
"debt","deepVerification.notApproved","6080","Ｍ＆Ａキャピタルパートナーズ","core","status=not_started, stars=2"
"debt","deepVerification.notApproved","6081","アライドアーキテクツ","core","status=not_started, stars=2"
"debt","deepVerification.notApproved","6082","ライドオンエクスプレスホールディングス","core","status=not_started, stars=3"
"debt","deepVerification.notApproved","6085","アーキテクツ・スタジオ・ジャパン","core","status=not_started, stars=2"
"debt","deepVerification.notApproved","6086","シンメンテホールディングス","core","status=not_started, stars=2"
"debt","deepVerification.notApproved","6088","シグマクシス・ホールディングス","core","status=not_started, stars=3"
"debt","deepVerification.notApproved","6089","ウィルグループ","core","status=not_started, stars=2"
"debt","deepVerification.notApproved","6094","フリークアウト・ホールディングス","core","status=not_started, stars=2"
"debt","deepVerification.notApproved","6098","リクルートホールディングス","core","status=not_started, stars=3"
"debt","deepVerification.notApproved","6099","エラン","core","status=not_started, stars=2"
"debt","deepVerification.notApproved","6101","ツガミ","core","status=not_started, stars=2"
"debt","deepVerification.notApproved","6103","オークマ","core","status=not_started, stars=3"
"debt","deepVerification.notApproved","6104","芝浦機械","core","status=not_started, stars=2"
"debt","deepVerification.notApproved","6113","アマダ","core","status=not_started, stars=3"
"debt","deepVerification.notApproved","6118","アイダエンジニアリング","core","status=not_started, stars=2"
"debt","deepVerification.notApproved","6125","岡本工作機械製作所","core","status=not_started, stars=2"
"debt","deepVerification.notApproved","6134","ＦＵＪＩ","core","status=not_started, stars=3"
"debt","deepVerification.notApproved","6135","牧野フライス製作所","core","status=not_started, stars=2"
"debt","deepVerification.notApproved","6136","オーエスジー","core","status=not_started, stars=2"
"debt","deepVerification.notApproved","6137","小池酸素工業","core","status=not_started, stars=2"
"debt","deepVerification.notApproved","6138","ダイジェット工業","core","status=not_started, stars=2"
"debt","deepVerification.notApproved","6140","旭ダイヤモンド工業","core","status=not_started, stars=2"
"debt","deepVerification.notApproved","6141","ＤＭＧ森精機","core","status=not_started, stars=2"
"debt","deepVerification.notApproved","6143","ソディック","core","status=not_started, stars=2"
"debt","deepVerification.notApproved","6144","西部電機","core","status=not_started, stars=2"
"debt","deepVerification.notApproved","6145","ＮＩＴＴＯＫＵ","core","status=not_started, stars=2"
"debt","deepVerification.notApproved","6146","ディスコ","core","status=not_started, stars=3"
"debt","deepVerification.notApproved","6147","ヤマザキ","core","status=not_started, stars=2"
"debt","deepVerification.notApproved","6149","小田原エンジニアリング","core","status=not_started, stars=2"
"debt","deepVerification.notApproved","6150","タケダ機械","core","status=not_started, stars=2"
"debt","deepVerification.notApproved","6151","日東工器","core","status=not_started, stars=2"
"debt","deepVerification.notApproved","6155","高松機械工業","core","status=not_started, stars=2"
"debt","deepVerification.notApproved","6156","エーワン精密","core","status=not_started, stars=2"
"debt","deepVerification.notApproved","6157","日進工具","core","status=not_started, stars=2"
"debt","deepVerification.notApproved","6158","和井田製作所","core","status=not_started, stars=2"
"debt","deepVerification.notApproved","6159","ミクロン精密","core","status=not_started, stars=2"
"debt","deepVerification.notApproved","6161","エスティック","core","status=not_started, stars=2"
"debt","deepVerification.notApproved","6165","パンチ工業","core","status=not_started, stars=2"
"debt","deepVerification.notApproved","6166","中村超硬","core","status=not_started, stars=2"
"debt","deepVerification.notApproved","6167","冨士ダイス","core","status=not_started, stars=2"
"debt","deepVerification.notApproved","6177","ＡｐｐＢａｎｋ","core","status=not_started, stars=2"
"debt","deepVerification.notApproved","6178","日本郵政","core","status=not_started, stars=2"
"debt","deepVerification.notApproved","6180","ＧＭＯメディア","core","status=not_started, stars=2"
"debt","deepVerification.notApproved","6181","タメニー","core","status=not_started, stars=2"
"debt","deepVerification.notApproved","6182","メタリアル","core","status=not_started, stars=2"
"debt","deepVerification.notApproved","6183","ベルシステム２４ホールディングス","core","status=not_started, stars=2"
"debt","deepVerification.notApproved","6184","鎌倉新書","core","status=not_started, stars=2"
"debt","deepVerification.notApproved","6190","フェニックスバイオ","core","status=not_started, stars=2"
"debt","deepVerification.notApproved","6191","エアトリ","core","status=not_started, stars=2"
"debt","deepVerification.notApproved","6193","バーチャレクス・ホールディングス","core","status=not_started, stars=2"
"debt","deepVerification.notApproved","6194","アトラエ","core","status=not_started, stars=3"
"debt","deepVerification.notApproved","6195","ホープ","core","status=not_started, stars=2"
"debt","deepVerification.notApproved","6196","ストライクグループ","core","status=not_started, stars=3"
"debt","deepVerification.notApproved","6197","ソラスト","core","status=not_started, stars=2"
"debt","deepVerification.notApproved","6198","キャリア","core","status=not_started, stars=2"
"debt","deepVerification.notApproved","6200","インソース","core","status=not_started, stars=2"
"debt","deepVerification.notApproved","6203","豊和工業","core","status=not_started, stars=2"
"debt","deepVerification.notApproved","6208","石川製作所","core","status=not_started, stars=2"
"debt","deepVerification.notApproved","6209","リケンＮＰＲ","core","status=not_started, stars=2"
"debt","deepVerification.notApproved","6217","津田駒工業","core","status=not_started, stars=2"
"debt","deepVerification.notApproved","6218","エンシュウ","core","status=not_started, stars=2"
"debt","deepVerification.notApproved","6222","島精機製作所","core","status=not_started, stars=2"
"debt","deepVerification.notApproved","6223","西部技研","core","status=not_started, stars=2"
"debt","deepVerification.notApproved","6224","ＪＲＣ","core","status=not_started, stars=2"
"debt","deepVerification.notApproved","6226","守谷輸送機工業","core","status=not_started, stars=2"
"debt","deepVerification.notApproved","6227","AIメカテック","core","status=not_started, stars=3"
"debt","deepVerification.notApproved","6228","ジェイ・イー・ティ","core","status=not_started, stars=2"
"debt","deepVerification.notApproved","6229","オーケーエム","core","status=not_started, stars=2"
"debt","deepVerification.notApproved","6230","ＳＡＮＥＩ","core","status=not_started, stars=2"
"debt","deepVerification.notApproved","6231","木村工機","core","status=not_started, stars=2"
"debt","deepVerification.notApproved","6232","ＡＣＳＬ","core","status=not_started, stars=2"
"debt","deepVerification.notApproved","6233","ＫＬＡＳＳ","core","status=not_started, stars=2"
"debt","deepVerification.notApproved","6235","オプトラン","core","status=not_started, stars=2"
"debt","deepVerification.notApproved","6237","イワキポンプ","core","status=not_started, stars=2"
"debt","deepVerification.notApproved","6238","フリュー","core","status=not_started, stars=2"
"debt","deepVerification.notApproved","6239","ナガオカ","core","status=not_started, stars=3"
"debt","deepVerification.notApproved","6240","ヤマシンフィルタ","core","status=not_started, stars=2"
"debt","deepVerification.notApproved","6245","ヒラノテクシード","core","status=not_started, stars=2"
"debt","deepVerification.notApproved","6246","テクノスマート","core","status=not_started, stars=2"
"debt","deepVerification.notApproved","6247","日阪製作所","core","status=not_started, stars=2"
"debt","deepVerification.notApproved","6248","横田製作所","core","status=not_started, stars=2"
"debt","deepVerification.notApproved","6249","ゲームカードホールディングス","core","status=not_started, stars=2"
"debt","deepVerification.notApproved","6250","やまびこ","core","status=not_started, stars=2"
"debt","deepVerification.notApproved","6254","野村マイクロ・サイエンス","core","status=not_started, stars=2"
"debt","deepVerification.notApproved","6255","エヌ・ピー・シー","core","status=not_started, stars=2"
"debt","deepVerification.notApproved","6257","藤商事","core","status=not_started, stars=2"
"debt","deepVerification.notApproved","6258","平田機工","core","status=not_started, stars=2"
"debt","deepVerification.notApproved","6262","ＰＥＧＡＳＵＳ","core","status=not_started, stars=2"
"debt","deepVerification.notApproved","6264","マルマエ","core","status=not_started, stars=3"
"debt","deepVerification.notApproved","6265","コンバム","core","status=not_started, stars=2"
"debt","deepVerification.notApproved","6266","タツモ","core","status=not_started, stars=2"
"debt","deepVerification.notApproved","6267","ゼネラルパッカー","core","status=not_started, stars=2"
"debt","deepVerification.notApproved","6268","ナブテスコ","core","status=not_started, stars=2"
"debt","deepVerification.notApproved","6269","三井海洋開発","core","status=not_started, stars=2"
"debt","deepVerification.notApproved","6272","レオン自動機","core","status=not_started, stars=2"
"debt","deepVerification.notApproved","6273","SMC","core","status=not_started, stars=3"
"debt","deepVerification.notApproved","6276","シリウスビジョン","core","status=not_started, stars=2"
"debt","deepVerification.notApproved","6277","ホソカワミクロン","core","status=not_started, stars=2"
"debt","deepVerification.notApproved","6278","ユニオンツール","core","status=not_started, stars=2"
"debt","deepVerification.notApproved","6279","瑞光","core","status=not_started, stars=2"
"debt","deepVerification.notApproved","6282","オイレス工業","core","status=not_started, stars=2"
"debt","deepVerification.notApproved","6284","日精エー・エス・ビー機械","core","status=not_started, stars=2"
"debt","deepVerification.notApproved","6286","靜甲","core","status=not_started, stars=2"
"debt","deepVerification.notApproved","6287","サトー","core","status=not_started, stars=2"
"debt","deepVerification.notApproved","6289","技研製作所","core","status=not_started, stars=2"
"debt","deepVerification.notApproved","6291","日本エアーテック","core","status=not_started, stars=3"
"debt","deepVerification.notApproved","6292","カワタ","core","status=not_started, stars=2"
"debt","deepVerification.notApproved","6294","オカダアイヨン","core","status=not_started, stars=2"
"debt","deepVerification.notApproved","6298","ワイエイシイホールディングス","core","status=not_started, stars=2"
"debt","deepVerification.notApproved","6301","小松製作所","core","status=not_started, stars=3"
"debt","deepVerification.notApproved","6302","住友重機械工業","core","status=not_started, stars=3"
"debt","deepVerification.notApproved","6305","日立建機","core","status=not_started, stars=3"
"debt","deepVerification.notApproved","6306","日工","core","status=not_started, stars=2"
"debt","deepVerification.notApproved","6307","サンセイ","core","status=not_started, stars=2"
"debt","deepVerification.notApproved","6309","巴工業","core","status=not_started, stars=2"
"debt","deepVerification.notApproved","6310","井関農機","core","status=not_started, stars=2"
"debt","deepVerification.notApproved","6315","ＴＯＷＡ","core","status=not_started, stars=2"
"debt","deepVerification.notApproved","6316","丸山製作所","core","status=not_started, stars=2"
"debt","deepVerification.notApproved","6317","北川鉄工所","core","status=not_started, stars=2"
"debt","deepVerification.notApproved","6322","タクミナ","core","status=not_started, stars=2"
"debt","deepVerification.notApproved","6323","ローツェ","core","status=not_started, stars=3"
"debt","deepVerification.notApproved","6324","ハーモニック・ドライブ・システムズ","core","status=not_started, stars=3"
"debt","deepVerification.notApproved","6325","タカキタ","core","status=not_started, stars=2"
"debt","deepVerification.notApproved","6326","クボタ","core","status=not_started, stars=3"
"debt","deepVerification.notApproved","6327","北川精機","core","status=not_started, stars=2"
"debt","deepVerification.notApproved","6328","荏原実業","core","status=not_started, stars=2"
"debt","deepVerification.notApproved","6330","東洋エンジニアリング","core","status=not_started, stars=2"
"debt","deepVerification.notApproved","6331","三菱化工機","core","status=not_started, stars=2"
"debt","deepVerification.notApproved","6332","月島ホールディングス","core","status=not_started, stars=2"
"debt","deepVerification.notApproved","6333","ＴＥＩＫＯＫＵ","core","status=not_started, stars=2"
"debt","deepVerification.notApproved","6334","明治機械","core","status=not_started, stars=2"
"debt","deepVerification.notApproved","6335","東京機械製作所","core","status=not_started, stars=2"
"debt","deepVerification.notApproved","6336","石井表記","core","status=not_started, stars=2"
"debt","deepVerification.notApproved","6337","テセック","core","status=not_started, stars=2"
"debt","deepVerification.notApproved","6338","タカトリ","core","status=not_started, stars=3"
"debt","deepVerification.notApproved","6339","新東工業","core","status=not_started, stars=2"
"debt","deepVerification.notApproved","6340","澁谷工業","core","status=not_started, stars=2"
"debt","deepVerification.notApproved","6342","太平製作所","core","status=not_started, stars=2"
"debt","deepVerification.notApproved","6343","フリージア・マクロス","core","status=not_started, stars=2"
"debt","deepVerification.notApproved","6345","アイチ コーポレーション","core","status=not_started, stars=2"
"debt","deepVerification.notApproved","6346","キクカワエンタープライズ","core","status=not_started, stars=2"
"debt","deepVerification.notApproved","6347","プラコー","core","status=not_started, stars=2"
"debt","deepVerification.notApproved","6349","小森コーポレーション","core","status=not_started, stars=2"
"debt","deepVerification.notApproved","6351","鶴見製作所","core","status=not_started, stars=2"
"debt","deepVerification.notApproved","6356","日本ギア工業","core","status=not_started, stars=2"
"debt","deepVerification.notApproved","6357","三精テクノロジーズ","core","status=not_started, stars=2"
"debt","deepVerification.notApproved","6358","酒井重工業","core","status=not_started, stars=2"
"debt","deepVerification.notApproved","6360","東京自働機械製作所","core","status=not_started, stars=2"
"debt","deepVerification.notApproved","6361","荏原製作所","core","status=not_started, stars=2"
"debt","deepVerification.notApproved","6363","酉島製作所","core","status=not_started, stars=2"
"debt","deepVerification.notApproved","6364","ＡＩＲＭＡＮ","core","status=not_started, stars=2"
"debt","deepVerification.notApproved","6365","電業社機械製作所","core","status=not_started, stars=2"
"debt","deepVerification.notApproved","6366","千代田化工建設","core","status=not_started, stars=2"
"debt","deepVerification.notApproved","6367","ダイキン工業","core","status=not_started, stars=3"
"debt","deepVerification.notApproved","6368","オルガノ","core","status=not_started, stars=2"
"debt","deepVerification.notApproved","6369","トーヨーカネツ","core","status=not_started, stars=2"
"debt","deepVerification.notApproved","6370","栗田工業","core","status=not_started, stars=2"
"debt","deepVerification.notApproved","6371","椿本チエイン","core","status=not_started, stars=2"
"debt","deepVerification.notApproved","6376","日機装","core","status=not_started, stars=2"
"debt","deepVerification.notApproved","6378","木村化工機","core","status=not_started, stars=2"
"debt","deepVerification.notApproved","6379","レイズネクスト","core","status=not_started, stars=2"
"debt","deepVerification.notApproved","6380","オリエンタルチエン工業","core","status=not_started, stars=2"
"debt","deepVerification.notApproved","6381","アネスト岩田","core","status=not_started, stars=2"
"debt","deepVerification.notApproved","6382","トリニティ工業","core","status=not_started, stars=2"
"debt","deepVerification.notApproved","6383","ダイフク","core","status=not_started, stars=2"
"debt","deepVerification.notApproved","6384","昭和真空","core","status=not_started, stars=2"
"debt","deepVerification.notApproved","6387","サムコ","core","status=not_started, stars=2"
"debt","deepVerification.notApproved","6390","加藤製作所","core","status=not_started, stars=2"
"debt","deepVerification.notApproved","6391","加地テック","core","status=not_started, stars=2"
"debt","deepVerification.notApproved","6392","ヤマダコーポレーション","core","status=not_started, stars=2"
"debt","deepVerification.notApproved","6393","油研工業","core","status=not_started, stars=2"
"debt","deepVerification.notApproved","6395","タダノ","core","status=not_started, stars=2"
"debt","deepVerification.notApproved","6396","宇野澤組鐵工所","core","status=not_started, stars=2"
"debt","deepVerification.notApproved","6400","不二精機","core","status=not_started, stars=2"
"debt","deepVerification.notApproved","6402","兼松エンジニアリング","core","status=not_started, stars=2"
"debt","deepVerification.notApproved","6405","鈴茂器工","core","status=not_started, stars=2"
"debt","deepVerification.notApproved","6407","ＣＫＤ","core","status=not_started, stars=2"
"debt","deepVerification.notApproved","6408","小倉クラッチ","core","status=not_started, stars=2"
"debt","deepVerification.notApproved","6412","平和","core","status=not_started, stars=2"
"debt","deepVerification.notApproved","6413","理想科学工業","core","status=not_started, stars=2"
"debt","deepVerification.notApproved","6417","ＳＡＮＫＹＯ","core","status=not_started, stars=2"
"debt","deepVerification.notApproved","6418","日本金銭機械","core","status=not_started, stars=2"
"debt","deepVerification.notApproved","6419","マースグループホールディングス","core","status=not_started, stars=2"
"debt","deepVerification.notApproved","6420","ガリレイ","core","status=not_started, stars=2"
"debt","deepVerification.notApproved","6424","高見沢サイバネティックス","core","status=not_started, stars=2"
"debt","deepVerification.notApproved","6425","ユニバーサルエンターテインメント","core","status=not_started, stars=2"
"debt","deepVerification.notApproved","6428","オーイズミ","core","status=not_started, stars=2"
"debt","deepVerification.notApproved","6430","ダイコク電機","core","status=not_started, stars=2"
"debt","deepVerification.notApproved","6432","竹内製作所","core","status=not_started, stars=2"
"debt","deepVerification.notApproved","6433","ヒーハイスト","core","status=not_started, stars=2"
"debt","deepVerification.notApproved","6436","アマノ","core","status=not_started, stars=2"
"debt","deepVerification.notApproved","6440","ＪＵＫＩ","core","status=not_started, stars=2"
"debt","deepVerification.notApproved","6444","サンデン","core","status=not_started, stars=2"
"debt","deepVerification.notApproved","6445","ジャノメ","core","status=not_started, stars=2"
"debt","deepVerification.notApproved","6448","ブラザー工業","core","status=not_started, stars=2"
"debt","deepVerification.notApproved","6454","マックス","core","status=not_started, stars=2"
"debt","deepVerification.notApproved","6455","モリタホールディングス","core","status=not_started, stars=2"
"debt","deepVerification.notApproved","6457","グローリー","core","status=not_started, stars=2"
"debt","deepVerification.notApproved","6458","新晃工業","core","status=not_started, stars=2"
"debt","deepVerification.notApproved","6459","大和冷機工業","core","status=not_started, stars=2"
"debt","deepVerification.notApproved","6460","セガサミーホールディングス","core","status=not_started, stars=2"
"debt","deepVerification.notApproved","6463","ＴＰＲ","core","status=not_started, stars=2"
"debt","deepVerification.notApproved","6464","ツバキ・ナカシマ","core","status=not_started, stars=2"
"debt","deepVerification.notApproved","6466","ＴＶＥ","core","status=not_started, stars=2"
"debt","deepVerification.notApproved","6467","ニチダイ","core","status=not_started, stars=2"
"debt","deepVerification.notApproved","6469","放電精密加工研究所","core","status=not_started, stars=2"
"debt","deepVerification.notApproved","6470","大豊工業","core","status=not_started, stars=2"
"debt","deepVerification.notApproved","6479","ミネベアミツミ","core","status=not_started, stars=3"
"debt","deepVerification.notApproved","6482","ＹＵＳＨＩＮ","core","status=not_started, stars=2"
"debt","deepVerification.notApproved","6484","ＫＶＫ","core","status=not_started, stars=2"
"debt","deepVerification.notApproved","6485","前澤給装工業","core","status=not_started, stars=2"
"debt","deepVerification.notApproved","6488","ヨシタケ","core","status=not_started, stars=2"
"debt","deepVerification.notApproved","6492","岡野バルブ製造","core","status=not_started, stars=2"
"debt","deepVerification.notApproved","6493","ＮＩＴＴＡＮ","core","status=not_started, stars=2"
"debt","deepVerification.notApproved","6494","ＮＦＫホールディングス","core","status=not_started, stars=2"
"debt","deepVerification.notApproved","6495","宮入バルブ製作所","core","status=not_started, stars=2"
"debt","deepVerification.notApproved","6497","ハマイ","core","status=not_started, stars=3"
"debt","deepVerification.notApproved","6501","日立製作所","core","status=not_started, stars=3"
"debt","deepVerification.notApproved","6503","三菱電機","core","status=not_started, stars=3"
"debt","deepVerification.notApproved","6504","富士電機","core","status=not_started, stars=3"
"debt","deepVerification.notApproved","6505","東洋電機製造","core","status=not_started, stars=2"
"debt","deepVerification.notApproved","6506","安川電機","core","status=not_started, stars=3"
"debt","deepVerification.notApproved","6507","シンフォニアテクノロジー","core","status=not_started, stars=2"
"debt","deepVerification.notApproved","6508","明電舎","core","status=not_started, stars=2"
"debt","deepVerification.notApproved","6513","オリジン","core","status=not_started, stars=2"
"debt","deepVerification.notApproved","6516","山洋電気","core","status=not_started, stars=2"
"debt","deepVerification.notApproved","6517","デンヨー","core","status=not_started, stars=2"
"debt","deepVerification.notApproved","6518","三相電機","core","status=not_started, stars=2"
"debt","deepVerification.notApproved","6521","オキサイド","core","status=not_started, stars=3"
"debt","deepVerification.notApproved","6522","アスタリスク","core","status=not_started, stars=2"
"debt","deepVerification.notApproved","6523","ＰＨＣホールディングス","core","status=not_started, stars=3"
"debt","deepVerification.notApproved","6524","湖北工業","core","status=not_started, stars=2"
"debt","deepVerification.notApproved","6525","ＫＯＫＵＳＡＩ ＥＬＥＣＴＲＩＣ","core","status=not_started, stars=2"
"debt","deepVerification.notApproved","6526","ソシオネクスト","core","status=not_started, stars=2"
"debt","deepVerification.notApproved","6532","ベイカレント","core","status=not_started, stars=2"
"debt","deepVerification.notApproved","6533","Ｏｒｃｈｅｓｔｒａ Ｈｏｌｄｉｎｇｓ","core","status=not_started, stars=2"
"debt","deepVerification.notApproved","6535","アイモバイル","core","status=not_started, stars=2"
"debt","deepVerification.notApproved","6537","ＷＡＳＨハウス","core","status=not_started, stars=2"
"debt","deepVerification.notApproved","6539","ＭＳ－Ｊａｐａｎ","core","status=not_started, stars=2"
"debt","deepVerification.notApproved","6544","ジャパンエレベーターサービスホールディングス","core","status=not_started, stars=3"
"debt","deepVerification.notApproved","6545","インターネットインフィニティー","core","status=not_started, stars=2"
"debt","deepVerification.notApproved","6548","旅工房","core","status=not_started, stars=2"
"debt","deepVerification.notApproved","6554","エスユーエス","core","status=not_started, stars=2"
"debt","deepVerification.notApproved","6557","ＡＩＡＩグループ","core","status=not_started, stars=2"
"debt","deepVerification.notApproved","6558","クックビズ","core","status=not_started, stars=2"
"debt","deepVerification.notApproved","6560","エル・ティー・エス","core","status=not_started, stars=2"
"debt","deepVerification.notApproved","6561","ＨＡＮＡＴＯＵＲ ＪＡＰＡＮ","core","status=not_started, stars=2"
"debt","deepVerification.notApproved","6562","ジーニー","core","status=not_started, stars=2"
"debt","deepVerification.notApproved","6563","みらいワークス","core","status=not_started, stars=2"
"debt","deepVerification.notApproved","6564","ミダックホールディングス","core","status=not_started, stars=2"
"debt","deepVerification.notApproved","6568","神戸天然物化学","core","status=not_started, stars=2"
"debt","deepVerification.notApproved","6571","キュービーネットホールディングス","core","status=not_started, stars=2"
"debt","deepVerification.notApproved","6572","オープングループ","core","status=not_started, stars=2"
"debt","deepVerification.notApproved","6573","ＣＲＡＶＩＡ","core","status=not_started, stars=2"
"debt","deepVerification.notApproved","6574","コンヴァノ","core","status=not_started, stars=2"
"debt","deepVerification.notApproved","6577","ベストワンドットコム","core","status=not_started, stars=2"
"debt","deepVerification.notApproved","6579","ログリー","core","status=not_started, stars=2"
"debt","deepVerification.notApproved","6580","ライトアップ","core","status=not_started, stars=2"
"debt","deepVerification.notApproved","6584","三櫻工業","core","status=not_started, stars=2"
"debt","deepVerification.notApproved","6588","東芝テック","core","status=not_started, stars=2"
"debt","deepVerification.notApproved","6590","芝浦メカトロニクス","core","status=not_started, stars=2"
"debt","deepVerification.notApproved","6592","マブチモーター","core","status=not_started, stars=2"
"debt","deepVerification.notApproved","6594","ニデック","core","status=not_started, stars=3"
"debt","deepVerification.notApproved","6597","ＨＰＣシステムズ","core","status=not_started, stars=2"
"debt","deepVerification.notApproved","6599","エブレン","core","status=not_started, stars=2"
"debt","deepVerification.notApproved","6612","バルミューダ","core","status=not_started, stars=2"
"debt","deepVerification.notApproved","6613","QDレーザ","core","status=not_started, stars=3"
"debt","deepVerification.notApproved","6614","シキノハイテック","core","status=not_started, stars=2"
"debt","deepVerification.notApproved","6615","ユー・エム・シー・エレクトロニクス","core","status=not_started, stars=2"
"debt","deepVerification.notApproved","6616","トレックス・セミコンダクター","core","status=not_started, stars=2"
"debt","deepVerification.notApproved","6617","東光高岳","core","status=not_started, stars=2"
"debt","deepVerification.notApproved","6619","ダブル・スコープ","core","status=not_started, stars=2"
"debt","deepVerification.notApproved","6620","宮越ホールディングス","core","status=not_started, stars=2"
"debt","deepVerification.notApproved","6622","ダイヘン","core","status=not_started, stars=2"
"debt","deepVerification.notApproved","6625","ＪＡＬＣＯホールディングス","core","status=not_started, stars=2"
"debt","deepVerification.notApproved","6626","SEMITEC","core","status=not_started, stars=3"
"debt","deepVerification.notApproved","6627","テラプローブ","core","status=not_started, stars=3"
"debt","deepVerification.notApproved","6629","テクノホライゾン","core","status=not_started, stars=2"
"debt","deepVerification.notApproved","6630","ヤーマン","core","status=not_started, stars=2"
"debt","deepVerification.notApproved","6632","ＪＶＣケンウッド","core","status=not_started, stars=2"
"debt","deepVerification.notApproved","6633","ＣＧＳホールディングス","core","status=not_started, stars=2"
"debt","deepVerification.notApproved","6634","ＪＮグループ","core","status=not_started, stars=2"
"debt","deepVerification.notApproved","6635","大日光・エンジニアリング","core","status=not_started, stars=2"
"debt","deepVerification.notApproved","6637","寺崎電気産業","core","status=not_started, stars=3"
"debt","deepVerification.notApproved","6638","ミマキエンジニアリング","core","status=not_started, stars=2"
"debt","deepVerification.notApproved","6643","戸上電機製作所","core","status=not_started, stars=2"
"debt","deepVerification.notApproved","6644","大崎電気工業","core","status=not_started, stars=2"
"debt","deepVerification.notApproved","6645","オムロン","core","status=not_started, stars=3"
"debt","deepVerification.notApproved","6647","森尾電機","core","status=not_started, stars=2"
"debt","deepVerification.notApproved","6648","かわでん","core","status=not_started, stars=2"
"debt","deepVerification.notApproved","6651","日東工業","core","status=not_started, stars=2"
"debt","deepVerification.notApproved","6652","ＩＤＥＣ","core","status=not_started, stars=2"
"debt","deepVerification.notApproved","6653","正興電機製作所","core","status=not_started, stars=2"
"debt","deepVerification.notApproved","6654","不二電機工業","core","status=not_started, stars=2"
"debt","deepVerification.notApproved","6656","インスペック","core","status=not_started, stars=2"
"debt","deepVerification.notApproved","6658","シライ電子工業","core","status=not_started, stars=2"
"debt","deepVerification.notApproved","6659","メディアリンクス","core","status=not_started, stars=2"
"debt","deepVerification.notApproved","6662","ユビテック","core","status=not_started, stars=2"
"debt","deepVerification.notApproved","6663","太洋テクノレックス","core","status=not_started, stars=2"
"debt","deepVerification.notApproved","6664","オプトエレクトロニクス","core","status=not_started, stars=2"
"debt","deepVerification.notApproved","6666","リバーエレテック","core","status=not_started, stars=2"
"debt","deepVerification.notApproved","6668","アドテック プラズマ テクノロジー","core","status=not_started, stars=2"
"debt","deepVerification.notApproved","6674","ジーエス・ユアサ コーポレーション","core","status=not_started, stars=2"
"debt","deepVerification.notApproved","6675","サクサ","core","status=not_started, stars=2"
"debt","deepVerification.notApproved","6676","ＢＵＦＦＡＬＯ","core","status=not_started, stars=2"
"debt","deepVerification.notApproved","6677","エスケーエレクトロニクス","core","status=not_started, stars=3"
"debt","deepVerification.notApproved","6678","テクノメディカ","core","status=not_started, stars=2"
"debt","deepVerification.notApproved","6694","ズーム","core","status=not_started, stars=2"
"debt","deepVerification.notApproved","6696","トラース・オン・プロダクト","core","status=not_started, stars=2"
"debt","deepVerification.notApproved","6699","ダイヤモンドエレクトリックホールディングス","core","status=not_started, stars=2"
"debt","deepVerification.notApproved","6701","NEC","core","status=not_started, stars=3"
"debt","deepVerification.notApproved","6702","富士通","core","status=not_started, stars=3"
"debt","deepVerification.notApproved","6703","沖電気工業","core","status=not_started, stars=2"
"debt","deepVerification.notApproved","6706","電気興業","core","status=not_started, stars=2"
"debt","deepVerification.notApproved","6707","サンケン電気","core","status=not_started, stars=2"
"debt","deepVerification.notApproved","6718","アイホン","core","status=not_started, stars=2"
"debt","deepVerification.notApproved","6721","ウインテスト","core","status=not_started, stars=2"
"debt","deepVerification.notApproved","6723","ルネサスエレクトロニクス","core","status=not_started, stars=3"
"debt","deepVerification.notApproved","6724","セイコーエプソン","core","status=not_started, stars=2"
"debt","deepVerification.notApproved","6727","ワコム","core","status=not_started, stars=2"
"debt","deepVerification.notApproved","6728","アルバック","core","status=not_started, stars=2"
"debt","deepVerification.notApproved","6730","アクセル","core","status=not_started, stars=2"
"debt","deepVerification.notApproved","6731","ピクセラ","core","status=not_started, stars=2"
"debt","deepVerification.notApproved","6736","サン電子","core","status=not_started, stars=2"
"debt","deepVerification.notApproved","6737","ＥＩＺＯ","core","status=not_started, stars=2"
"debt","deepVerification.notApproved","6740","ジャパンディスプレイ","core","status=not_started, stars=2"
"debt","deepVerification.notApproved","6741","日本信号","core","status=not_started, stars=2"
"debt","deepVerification.notApproved","6742","京三製作所","core","status=not_started, stars=2"
"debt","deepVerification.notApproved","6743","大同信号","core","status=not_started, stars=2"
"debt","deepVerification.notApproved","6744","能美防災","core","status=not_started, stars=2"
"debt","deepVerification.notApproved","6745","ホーチキ","core","status=not_started, stars=2"
"debt","deepVerification.notApproved","6748","星和電機","core","status=not_started, stars=2"
"debt","deepVerification.notApproved","6750","エレコム","core","status=not_started, stars=2"
"debt","deepVerification.notApproved","6752","パナソニックHD","core","status=not_started, stars=3"
"debt","deepVerification.notApproved","6753","シャープ","core","status=not_started, stars=2"
"debt","deepVerification.notApproved","6754","アンリツ","core","status=not_started, stars=2"
"debt","deepVerification.notApproved","6757","ＯＳＧコーポレーション","core","status=not_started, stars=2"
"debt","deepVerification.notApproved","6758","ソニーグループ","core","status=not_started, stars=3"
"debt","deepVerification.notApproved","6762","TDK","core","status=not_started, stars=3"
"debt","deepVerification.notApproved","6763","帝国通信工業","core","status=not_started, stars=2"
"debt","deepVerification.notApproved","6768","タムラ製作所","core","status=not_started, stars=2"
"debt","deepVerification.notApproved","6769","ザインエレクトロニクス","core","status=not_started, stars=2"
"debt","deepVerification.notApproved","6770","アルプスアルパイン","core","status=not_started, stars=2"
"debt","deepVerification.notApproved","6771","池上通信機","core","status=not_started, stars=2"
"debt","deepVerification.notApproved","6772","東京コスモス電機","core","status=not_started, stars=2"
"debt","deepVerification.notApproved","6775","ＴＢグループ","core","status=not_started, stars=2"
"debt","deepVerification.notApproved","6776","天昇電気工業","core","status=not_started, stars=2"
"debt","deepVerification.notApproved","6777","santec Holdings","core","status=not_started, stars=3"
"debt","deepVerification.notApproved","6778","アルチザネットワークス","core","status=not_started, stars=2"
"debt","deepVerification.notApproved","6779","日本電波工業","core","status=not_started, stars=2"
"debt","deepVerification.notApproved","6785","鈴木","core","status=not_started, stars=2"
"debt","deepVerification.notApproved","6787","メイコー","core","status=not_started, stars=2"
"debt","deepVerification.notApproved","6788","日本トリム","core","status=not_started, stars=2"
"debt","deepVerification.notApproved","6794","フォスター電機","core","status=not_started, stars=2"
"debt","deepVerification.notApproved","6797","名古屋電機工業","core","status=not_started, stars=2"
"debt","deepVerification.notApproved","6798","ＳＭＫ","core","status=not_started, stars=2"
"debt","deepVerification.notApproved","6800","ヨコオ","core","status=not_started, stars=2"
"debt","deepVerification.notApproved","6803","ティアック","core","status=not_started, stars=2"
"debt","deepVerification.notApproved","6804","ホシデン","core","status=not_started, stars=2"
"debt","deepVerification.notApproved","6806","ヒロセ電機","core","status=not_started, stars=2"
"debt","deepVerification.notApproved","6807","日本航空電子工業","core","status=not_started, stars=2"
"debt","deepVerification.notApproved","6809","ＴＯＡ","core","status=not_started, stars=2"
"debt","deepVerification.notApproved","6810","マクセル","core","status=not_started, stars=2"
"debt","deepVerification.notApproved","6814","古野電気","core","status=not_started, stars=2"
"debt","deepVerification.notApproved","6817","スミダコーポレーション","core","status=not_started, stars=2"
"debt","deepVerification.notApproved","6820","アイコム","core","status=not_started, stars=2"
"debt","deepVerification.notApproved","6822","大井電気","core","status=not_started, stars=2"
"debt","deepVerification.notApproved","6823","リオン","core","status=not_started, stars=2"
"debt","deepVerification.notApproved","6824","新コスモス電機","core","status=not_started, stars=2"
"debt","deepVerification.notApproved","6832","アオイ電子","core","status=not_started, stars=2"
"debt","deepVerification.notApproved","6834","精工技研","core","status=not_started, stars=2"
"debt","deepVerification.notApproved","6835","アライドテレシスホールディングス","core","status=not_started, stars=2"
"debt","deepVerification.notApproved","6836","ぷらっとホーム","core","status=not_started, stars=2"
"debt","deepVerification.notApproved","6837","京写","core","status=not_started, stars=2"
"debt","deepVerification.notApproved","6838","多摩川ホールディングス","core","status=not_started, stars=2"
"debt","deepVerification.notApproved","6840","ＡＫＩＢＡホールディングス","core","status=not_started, stars=2"
"debt","deepVerification.notApproved","6841","横河電機","core","status=not_started, stars=2"
"debt","deepVerification.notApproved","6844","新電元工業","core","status=not_started, stars=2"
"debt","deepVerification.notApproved","6845","アズビル","core","status=not_started, stars=2"
"debt","deepVerification.notApproved","6848","東亜ディーケーケー","core","status=not_started, stars=2"
"debt","deepVerification.notApproved","6849","日本光電工業","core","status=not_started, stars=2"
"debt","deepVerification.notApproved","6850","チノー","core","status=not_started, stars=2"
"debt","deepVerification.notApproved","6853","共和電業","core","status=not_started, stars=2"
"debt","deepVerification.notApproved","6855","日本電子材料","core","status=not_started, stars=3"
"debt","deepVerification.notApproved","6856","堀場製作所","core","status=not_started, stars=2"
"debt","deepVerification.notApproved","6857","アドバンテスト","core","status=not_started, stars=3"
"debt","deepVerification.notApproved","6858","小野測器","core","status=not_started, stars=2"
"debt","deepVerification.notApproved","6859","エスペック","core","status=not_started, stars=2"
"debt","deepVerification.notApproved","6861","キーエンス","core","status=not_started, stars=3"
"debt","deepVerification.notApproved","6862","ミナトホールディングス","core","status=not_started, stars=2"
"debt","deepVerification.notApproved","6863","ニレコ","core","status=not_started, stars=2"
"debt","deepVerification.notApproved","6864","エヌエフホールディングス","core","status=not_started, stars=2"
"debt","deepVerification.notApproved","6866","日置電機","core","status=not_started, stars=2"
"debt","deepVerification.notApproved","6867","リーダー電子","core","status=not_started, stars=2"
"debt","deepVerification.notApproved","6869","シスメックス","core","status=not_started, stars=2"
"debt","deepVerification.notApproved","6870","日本フェンオール","core","status=not_started, stars=2"
"debt","deepVerification.notApproved","6871","日本マイクロニクス","core","status=not_started, stars=2"
"debt","deepVerification.notApproved","6874","協立電機","core","status=not_started, stars=2"
"debt","deepVerification.notApproved","6875","メガチップス","core","status=not_started, stars=2"
"debt","deepVerification.notApproved","6877","ＯＢＡＲＡ ＧＲＯＵＰ","core","status=not_started, stars=2"
"debt","deepVerification.notApproved","6882","三社電機製作所","core","status=not_started, stars=2"
"debt","deepVerification.notApproved","6890","フェローテック","core","status=not_started, stars=3"
"debt","deepVerification.notApproved","6894","パルステック工業","core","status=not_started, stars=2"
"debt","deepVerification.notApproved","6897","ツインバード","core","status=not_started, stars=2"
"debt","deepVerification.notApproved","6898","トミタ電機","core","status=not_started, stars=2"
"debt","deepVerification.notApproved","6899","ＡＳＴＩ","core","status=not_started, stars=2"
"debt","deepVerification.notApproved","6902","デンソー","core","status=not_started, stars=3"
"debt","deepVerification.notApproved","6904","原田工業","core","status=not_started, stars=2"
"debt","deepVerification.notApproved","6905","コーセル","core","status=not_started, stars=2"
"debt","deepVerification.notApproved","6907","ジオマテック","core","status=not_started, stars=2"
"debt","deepVerification.notApproved","6908","イリソ電子工業","core","status=not_started, stars=2"
"debt","deepVerification.notApproved","6912","菊水ホールディングス","core","status=not_started, stars=2"
"debt","deepVerification.notApproved","6914","オプテックスグループ","core","status=not_started, stars=2"
"debt","deepVerification.notApproved","6915","千代田インテグレ","core","status=not_started, stars=2"
"debt","deepVerification.notApproved","6918","アバールデータ","core","status=not_started, stars=2"
"debt","deepVerification.notApproved","6919","ケル","core","status=not_started, stars=2"
"debt","deepVerification.notApproved","6920","レーザーテック","core","status=not_started, stars=2"
"debt","deepVerification.notApproved","6923","スタンレー電気","core","status=not_started, stars=2"
"debt","deepVerification.notApproved","6926","岡谷電機産業","core","status=not_started, stars=2"
"debt","deepVerification.notApproved","6927","ヘリオス テクノ ホールディング","core","status=not_started, stars=2"
"debt","deepVerification.notApproved","6928","エノモト","core","status=not_started, stars=2"
"debt","deepVerification.notApproved","6954","ファナック","core","status=not_started, stars=3"
"debt","deepVerification.notApproved","6963","ローム","core","status=not_started, stars=3"
"debt","deepVerification.notApproved","6976","太陽誘電","core","status=not_started, stars=3"
"debt","deepVerification.notApproved","6981","村田製作所","core","status=not_started, stars=3"
"debt","deepVerification.notApproved","6982","リード","core","status=not_started, stars=2"
"debt","deepVerification.notApproved","6988","日東電工","core","status=not_started, stars=3"
"debt","deepVerification.notApproved","6995","東海理化電機製作所","core","status=not_started, stars=2"
"debt","deepVerification.notApproved","7003","三井Ｅ＆Ｓ","core","status=not_started, stars=3"
"debt","deepVerification.notApproved","7011","三菱重工業","core","status=not_started, stars=3"
"debt","deepVerification.notApproved","7012","川崎重工業","core","status=not_started, stars=2"
"debt","deepVerification.notApproved","7013","IHI","core","status=not_started, stars=3"
"debt","deepVerification.notApproved","7014","名村造船所","core","status=not_started, stars=2"
"debt","deepVerification.notApproved","7018","内海造船","core","status=not_started, stars=2"
"debt","deepVerification.notApproved","7031","インバウンドテック","core","status=not_started, stars=2"
"debt","deepVerification.notApproved","7033","マネジメントソリューションズ","core","status=not_started, stars=2"
"debt","deepVerification.notApproved","7034","プロレド・パートナーズ","core","status=not_started, stars=2"
"debt","deepVerification.notApproved","7036","イーエムネットジャパン","core","status=not_started, stars=2"
"debt","deepVerification.notApproved","7038","フロンティア・マネジメント","core","status=not_started, stars=2"
"debt","deepVerification.notApproved","7039","ブリッジインターナショナルグループ","core","status=not_started, stars=2"
"debt","deepVerification.notApproved","7046","TDSE","core","status=not_started, stars=3"
"debt","deepVerification.notApproved","7059","コプロ・ホールディングス","core","status=not_started, stars=2"
"debt","deepVerification.notApproved","7071","アンビスホールディングス","core","status=not_started, stars=2"
"debt","deepVerification.notApproved","7085","カーブスホールディングス","core","status=not_started, stars=3"
"debt","deepVerification.notApproved","7095","Ｍａｃｂｅｅ Ｐｌａｎｅｔ","core","status=not_started, stars=2"
"debt","deepVerification.notApproved","7102","日本車輌製造","core","status=not_started, stars=2"
"debt","deepVerification.notApproved","7110","クラシコム","core","status=not_started, stars=2"
"debt","deepVerification.notApproved","7111","ＩＮＥＳＴ","core","status=not_started, stars=2"
"debt","deepVerification.notApproved","7112","キューブ","core","status=not_started, stars=2"
"debt","deepVerification.notApproved","7114","フーディソン","core","status=not_started, stars=2"
"debt","deepVerification.notApproved","7115","アルファパーチェス","core","status=not_started, stars=2"
"debt","deepVerification.notApproved","7119","ハルメクホールディングス","core","status=not_started, stars=2"
"debt","deepVerification.notApproved","7120","ＳＨＩＮＫＯ","core","status=not_started, stars=2"
"debt","deepVerification.notApproved","7122","近畿車輛","core","status=not_started, stars=2"
"debt","deepVerification.notApproved","7128","ユニソルホールディングス","core","status=not_started, stars=2"
"debt","deepVerification.notApproved","7130","ヤマエグループホールディングス","core","status=not_started, stars=3"
"debt","deepVerification.notApproved","7131","のむら産業","core","status=not_started, stars=2"
"debt","deepVerification.notApproved","7133","ＨＹＵＧＡ ＰＲＩＭＡＲＹ ＣＡＲＥ","core","status=not_started, stars=2"
"debt","deepVerification.notApproved","7138","ＴＯＲＩＣＯ","core","status=not_started, stars=2"
"debt","deepVerification.notApproved","7140","ペットゴー","core","status=not_started, stars=2"
"debt","deepVerification.notApproved","7148","ＦＰＧ","core","status=not_started, stars=2"
"debt","deepVerification.notApproved","7150","島根銀行","core","status=not_started, stars=2"
"debt","deepVerification.notApproved","7157","ライフネット生命保険","core","status=not_started, stars=2"
"debt","deepVerification.notApproved","7161","じもとホールディングス","core","status=not_started, stars=2"
"debt","deepVerification.notApproved","7162","アストマックス","core","status=not_started, stars=2"
"debt","deepVerification.notApproved","7164","全国保証","core","status=not_started, stars=2"
"debt","deepVerification.notApproved","7167","めぶきフィナンシャルグループ","core","status=not_started, stars=2"
"debt","deepVerification.notApproved","7172","ジャパンインベストメントアドバイザー","core","status=not_started, stars=2"
"debt","deepVerification.notApproved","7173","東京きらぼしフィナンシャルグループ","core","status=not_started, stars=2"
"debt","deepVerification.notApproved","7175","今村証券","core","status=not_started, stars=2"
"debt","deepVerification.notApproved","7177","ＧＭＯフィナンシャルホールディングス","core","status=not_started, stars=2"
"debt","deepVerification.notApproved","7180","九州フィナンシャルグループ","core","status=not_started, stars=2"
"debt","deepVerification.notApproved","7181","かんぽ生命保険","core","status=not_started, stars=2"
"debt","deepVerification.notApproved","7182","ゆうちょ銀行","core","status=not_started, stars=3"
"debt","deepVerification.notApproved","7183","あんしん保証","core","status=not_started, stars=2"
"debt","deepVerification.notApproved","7184","富山第一銀行","core","status=not_started, stars=2"
"debt","deepVerification.notApproved","7185","ヒロセ通商","core","status=not_started, stars=2"
"debt","deepVerification.notApproved","7186","横浜フィナンシャルグループ","core","status=not_started, stars=2"
"debt","deepVerification.notApproved","7187","ジェイリース","core","status=not_started, stars=2"
"debt","deepVerification.notApproved","7189","西日本フィナンシャルホールディングス","core","status=not_started, stars=2"
"debt","deepVerification.notApproved","7191","イントラスト","core","status=not_started, stars=2"
"debt","deepVerification.notApproved","7192","日本モーゲージサービス","core","status=not_started, stars=2"
"debt","deepVerification.notApproved","7196","Ｃａｓａ","core","status=not_started, stars=2"
"debt","deepVerification.notApproved","7198","ＳＢＩアルヒ","core","status=not_started, stars=2"
"debt","deepVerification.notApproved","7199","プレミアグループ","core","status=not_started, stars=2"
"debt","deepVerification.notApproved","7201","日産自動車","core","status=not_started, stars=3"
"debt","deepVerification.notApproved","7202","いすゞ自動車","core","status=not_started, stars=2"
"debt","deepVerification.notApproved","7203","トヨタ自動車","core","status=not_started, stars=3"
"debt","deepVerification.notApproved","7208","カネミツ","core","status=not_started, stars=2"
"debt","deepVerification.notApproved","7211","三菱自動車工業","core","status=not_started, stars=2"
"debt","deepVerification.notApproved","7212","エフテック","core","status=not_started, stars=2"
"debt","deepVerification.notApproved","7213","レシップホールディングス","core","status=not_started, stars=2"
"debt","deepVerification.notApproved","7214","GMB","core","status=not_started, stars=3"
"debt","deepVerification.notApproved","7215","ファルテック","core","status=not_started, stars=2"
"debt","deepVerification.notApproved","7217","テイン","core","status=not_started, stars=2"
"debt","deepVerification.notApproved","7218","田中精密工業","core","status=not_started, stars=2"
"debt","deepVerification.notApproved","7219","エッチ・ケー・エス","core","status=not_started, stars=2"
"debt","deepVerification.notApproved","7220","武蔵精密工業","core","status=not_started, stars=2"
"debt","deepVerification.notApproved","7222","日産車体","core","status=not_started, stars=2"
"debt","deepVerification.notApproved","7224","新明和工業","core","status=not_started, stars=2"
"debt","deepVerification.notApproved","7226","極東開発工業","core","status=not_started, stars=2"
"debt","deepVerification.notApproved","7228","デイトナ","core","status=not_started, stars=2"
"debt","deepVerification.notApproved","7231","トピー工業","core","status=not_started, stars=2"
"debt","deepVerification.notApproved","7235","東京ラヂエーター製造","core","status=not_started, stars=2"
"debt","deepVerification.notApproved","7236","ティラド","core","status=not_started, stars=2"
"debt","deepVerification.notApproved","7238","曙ブレーキ工業","core","status=not_started, stars=2"
"debt","deepVerification.notApproved","7239","タチエス","core","status=not_started, stars=2"
"debt","deepVerification.notApproved","7240","ＮＯＫ","core","status=not_started, stars=2"
"debt","deepVerification.notApproved","7241","フタバ産業","core","status=not_started, stars=2"
"debt","deepVerification.notApproved","7242","カヤバ","core","status=not_started, stars=2"
"debt","deepVerification.notApproved","7245","大同メタル工業","core","status=not_started, stars=2"
"debt","deepVerification.notApproved","7246","プレス工業","core","status=not_started, stars=2"
"debt","deepVerification.notApproved","7247","ミクニ","core","status=not_started, stars=2"
"debt","deepVerification.notApproved","7254","ユニバンス","core","status=not_started, stars=2"
"debt","deepVerification.notApproved","7255","桜井製作所","core","status=not_started, stars=2"
"debt","deepVerification.notApproved","7256","河西工業","core","status=not_started, stars=2"
"debt","deepVerification.notApproved","7259","アイシン","core","status=not_started, stars=2"
"debt","deepVerification.notApproved","7261","マツダ","core","status=not_started, stars=2"
"debt","deepVerification.notApproved","7264","ムロコーポレーション","core","status=not_started, stars=2"
"debt","deepVerification.notApproved","7265","エイケン工業","core","status=not_started, stars=2"
"debt","deepVerification.notApproved","7266","今仙電機製作所","core","status=not_started, stars=2"
"debt","deepVerification.notApproved","7267","本田技研工業","core","status=not_started, stars=3"
"debt","deepVerification.notApproved","7269","スズキ","core","status=not_started, stars=2"
"debt","deepVerification.notApproved","7270","ＳＵＢＡＲＵ","core","status=not_started, stars=2"
"debt","deepVerification.notApproved","7271","安永","core","status=not_started, stars=2"
"debt","deepVerification.notApproved","7272","ヤマハ発動機","core","status=not_started, stars=2"
"debt","deepVerification.notApproved","7273","イクヨ","core","status=not_started, stars=2"
"debt","deepVerification.notApproved","7277","ＴＢＫ","core","status=not_started, stars=2"
"debt","deepVerification.notApproved","7278","エクセディ","core","status=not_started, stars=2"
"debt","deepVerification.notApproved","7279","ハイレックスコーポレーション","core","status=not_started, stars=2"
"debt","deepVerification.notApproved","7282","豊田合成","core","status=not_started, stars=2"
"debt","deepVerification.notApproved","7283","愛三工業","core","status=not_started, stars=2"
"debt","deepVerification.notApproved","7284","盟和産業","core","status=not_started, stars=2"
"debt","deepVerification.notApproved","7287","日本精機","core","status=not_started, stars=3"
"debt","deepVerification.notApproved","7291","日本プラスト","core","status=not_started, stars=2"
"debt","deepVerification.notApproved","7292","村上開明堂","core","status=not_started, stars=2"
"debt","deepVerification.notApproved","7294","ヨロズ","core","status=not_started, stars=2"
"debt","deepVerification.notApproved","7296","エフ・シー・シー","core","status=not_started, stars=2"
"debt","deepVerification.notApproved","7297","カーメイト","core","status=not_started, stars=2"
"debt","deepVerification.notApproved","7299","フジオーゼックス","core","status=not_started, stars=2"
"debt","deepVerification.notApproved","7305","新家工業","core","status=not_started, stars=2"
"debt","deepVerification.notApproved","7309","シマノ","core","status=not_started, stars=2"
"debt","deepVerification.notApproved","7313","テイ・エス テック","core","status=not_started, stars=2"
"debt","deepVerification.notApproved","7314","小田原機器","core","status=not_started, stars=2"
"debt","deepVerification.notApproved","7318","セレンディップ・ホールディングス","core","status=not_started, stars=2"
"debt","deepVerification.notApproved","7320","Ｓｏｌｖｖｙ","core","status=not_started, stars=2"
"debt","deepVerification.notApproved","7322","三十三フィナンシャルグループ","core","status=not_started, stars=2"
"debt","deepVerification.notApproved","7325","アイリックコーポレーション","core","status=not_started, stars=2"
"debt","deepVerification.notApproved","7326","ＳＢＩインシュアランスグループ","core","status=not_started, stars=2"
"debt","deepVerification.notApproved","7327","第四北越フィナンシャルグループ","core","status=not_started, stars=2"
"debt","deepVerification.notApproved","7337","ひろぎんホールディングス","core","status=not_started, stars=2"
"debt","deepVerification.notApproved","7343","ブロードマインド","core","status=not_started, stars=2"
"debt","deepVerification.notApproved","7345","アイ・パートナーズフィナンシャル","core","status=not_started, stars=2"
"debt","deepVerification.notApproved","7347","マーキュリアホールディングス","core","status=not_started, stars=2"
"debt","deepVerification.notApproved","7350","おきなわフィナンシャルグループ","core","status=not_started, stars=2"
"debt","deepVerification.notApproved","7366","ＬＩＴＡＬＩＣＯ","core","status=not_started, stars=2"
"debt","deepVerification.notApproved","7373","アイドマ・ホールディングス","core","status=not_started, stars=3"
"debt","deepVerification.notApproved","7380","十六フィナンシャルグループ","core","status=not_started, stars=2"
"debt","deepVerification.notApproved","7381","ＣＣＩグループ","core","status=not_started, stars=2"
"debt","deepVerification.notApproved","7383","ネットプロテクションズホールディングス","core","status=not_started, stars=2"
"debt","deepVerification.notApproved","7384","プロクレアホールディングス","core","status=not_started, stars=2"
"debt","deepVerification.notApproved","7388","ＦＰパートナー","core","status=not_started, stars=2"
"debt","deepVerification.notApproved","7389","あいちフィナンシャルグループ","core","status=not_started, stars=2"
"debt","deepVerification.notApproved","7399","ナンシン","core","status=not_started, stars=2"
"debt","deepVerification.notApproved","7409","ＡｅｒｏＥｄｇｅ","core","status=not_started, stars=2"
"debt","deepVerification.notApproved","7413","創健社","core","status=not_started, stars=2"
"debt","deepVerification.notApproved","7414","小野建","core","status=not_started, stars=2"
"debt","deepVerification.notApproved","7417","南陽","core","status=not_started, stars=2"
"debt","deepVerification.notApproved","7419","ノジマ","core","status=not_started, stars=2"
"debt","deepVerification.notApproved","7421","カッパ・クリエイト","core","status=not_started, stars=2"
"debt","deepVerification.notApproved","7422","東邦レマック","core","status=not_started, stars=2"
"debt","deepVerification.notApproved","7425","初穂商事","core","status=not_started, stars=2"
"debt","deepVerification.notApproved","7426","山大","core","status=not_started, stars=2"
"debt","deepVerification.notApproved","7427","エコートレーディング","core","status=not_started, stars=2"
"debt","deepVerification.notApproved","7433","伯東","core","status=not_started, stars=2"
"debt","deepVerification.notApproved","7434","オータケ","core","status=not_started, stars=2"
"debt","deepVerification.notApproved","7435","ナ・デックス","core","status=not_started, stars=2"
"debt","deepVerification.notApproved","7438","コンドーテック","core","status=not_started, stars=2"
"debt","deepVerification.notApproved","7442","中山福","core","status=not_started, stars=2"
"debt","deepVerification.notApproved","7443","横浜魚類","core","status=not_started, stars=2"
"debt","deepVerification.notApproved","7444","ハリマ共和物産","core","status=not_started, stars=2"
"debt","deepVerification.notApproved","7446","東北化学薬品","core","status=not_started, stars=2"
"debt","deepVerification.notApproved","7447","ナガイレーベン","core","status=not_started, stars=2"
"debt","deepVerification.notApproved","7453","良品計画","core","status=not_started, stars=2"
"debt","deepVerification.notApproved","7456","松田産業","core","status=not_started, stars=2"
"debt","deepVerification.notApproved","7458","第一興商","core","status=not_started, stars=2"
"debt","deepVerification.notApproved","7459","メディパルホールディングス","core","status=not_started, stars=3"
"debt","deepVerification.notApproved","7460","ヤギ","core","status=not_started, stars=2"
"debt","deepVerification.notApproved","7461","キムラ","core","status=not_started, stars=2"
"debt","deepVerification.notApproved","7464","セフテック","core","status=not_started, stars=2"
"debt","deepVerification.notApproved","7466","ＳＰＫ","core","status=not_started, stars=2"
"debt","deepVerification.notApproved","7472","鳥羽洋行","core","status=not_started, stars=2"
"debt","deepVerification.notApproved","7475","アルビス","core","status=not_started, stars=2"
"debt","deepVerification.notApproved","7476","アズワン","core","status=not_started, stars=2"
"debt","deepVerification.notApproved","7477","ムラキ","core","status=not_started, stars=2"
"debt","deepVerification.notApproved","7480","スズデン","core","status=not_started, stars=2"
"debt","deepVerification.notApproved","7481","尾家産業","core","status=not_started, stars=2"
"debt","deepVerification.notApproved","7482","シモジマ","core","status=not_started, stars=2"
"debt","deepVerification.notApproved","7483","ドウシシャ","core","status=not_started, stars=2"
"debt","deepVerification.notApproved","7486","サンリン","core","status=not_started, stars=2"
"debt","deepVerification.notApproved","7487","小津産業","core","status=not_started, stars=2"
"debt","deepVerification.notApproved","7490","日新商事","core","status=not_started, stars=2"
"debt","deepVerification.notApproved","7500","西川計測","core","status=not_started, stars=2"
"debt","deepVerification.notApproved","7501","ティムコ","core","status=not_started, stars=2"
"debt","deepVerification.notApproved","7504","高速","core","status=not_started, stars=2"
"debt","deepVerification.notApproved","7505","扶桑電通","core","status=not_started, stars=2"
"debt","deepVerification.notApproved","7508","Ｇ‐７ホールディングス","core","status=not_started, stars=2"
"debt","deepVerification.notApproved","7510","たけびし","core","status=not_started, stars=2"
"debt","deepVerification.notApproved","7512","イオン北海道","core","status=not_started, stars=2"
"debt","deepVerification.notApproved","7513","コジマ","core","status=not_started, stars=2"
"debt","deepVerification.notApproved","7516","コーナン商事","core","status=not_started, stars=2"
"debt","deepVerification.notApproved","7520","エコス","core","status=not_started, stars=2"
"debt","deepVerification.notApproved","7521","ムサシ","core","status=not_started, stars=2"
"debt","deepVerification.notApproved","7522","ワタミ","core","status=not_started, stars=2"
"debt","deepVerification.notApproved","7525","リックス","core","status=not_started, stars=2"
"debt","deepVerification.notApproved","7532","パン・パシフィック・インターナショナルホールディングス","core","status=not_started, stars=3"
"debt","deepVerification.notApproved","7537","丸文","core","status=not_started, stars=2"
"debt","deepVerification.notApproved","7545","西松屋チェーン","core","status=not_started, stars=2"
"debt","deepVerification.notApproved","7550","ゼンショーホールディングス","core","status=not_started, stars=2"
"debt","deepVerification.notApproved","7551","ウェッズ","core","status=not_started, stars=2"
"debt","deepVerification.notApproved","7552","ハピネット","core","status=not_started, stars=2"
"debt","deepVerification.notApproved","7554","幸楽苑","core","status=not_started, stars=2"
"debt","deepVerification.notApproved","7570","橋本総業ホールディングス","core","status=not_started, stars=2"
"debt","deepVerification.notApproved","7575","日本ライフライン","core","status=not_started, stars=2"
"debt","deepVerification.notApproved","7581","サイゼリヤ","core","status=not_started, stars=2"
"debt","deepVerification.notApproved","7590","タカショー","core","status=not_started, stars=2"
"debt","deepVerification.notApproved","7593","ＶＴホールディングス","core","status=not_started, stars=2"
"debt","deepVerification.notApproved","7595","アルゴグラフィックス","core","status=not_started, stars=2"
"debt","deepVerification.notApproved","7596","魚力","core","status=not_started, stars=2"
"debt","deepVerification.notApproved","7599","ＩＤＯＭ","core","status=not_started, stars=2"
"debt","deepVerification.notApproved","7600","日本エム・ディ・エム","core","status=not_started, stars=2"
"debt","deepVerification.notApproved","7606","ユナイテッドアローズ","core","status=not_started, stars=2"
"debt","deepVerification.notApproved","7607","進和","core","status=not_started, stars=2"
"debt","deepVerification.notApproved","7609","ダイトロン","core","status=not_started, stars=2"
"debt","deepVerification.notApproved","7611","ハイデイ日高","core","status=not_started, stars=2"
"debt","deepVerification.notApproved","7613","シークス","core","status=not_started, stars=2"
"debt","deepVerification.notApproved","7616","コロワイド","core","status=not_started, stars=2"
"debt","deepVerification.notApproved","7628","オーハシテクニカ","core","status=not_started, stars=2"
"debt","deepVerification.notApproved","7630","壱番屋","core","status=not_started, stars=2"
"debt","deepVerification.notApproved","7637","白銅","core","status=not_started, stars=2"
"debt","deepVerification.notApproved","7649","スギホールディングス","core","status=not_started, stars=3"
"debt","deepVerification.notApproved","7674","ＮＡＴＴＹ ＳＷＡＮＫＹホールディングス","core","status=not_started, stars=2"
"debt","deepVerification.notApproved","7679","薬王堂ホールディングス","core","status=not_started, stars=2"
"debt","deepVerification.notApproved","7683","ダブルエー","core","status=not_started, stars=2"
"debt","deepVerification.notApproved","7685","BuySell Technologies","core","status=not_started, stars=3"
"debt","deepVerification.notApproved","7687","ミクリード","core","status=not_started, stars=2"
"debt","deepVerification.notApproved","7689","コパ・コーポレーション","core","status=not_started, stars=2"
"debt","deepVerification.notApproved","7692","アースインフィニティ","core","status=not_started, stars=2"
"debt","deepVerification.notApproved","7694","いつも","core","status=not_started, stars=2"
"debt","deepVerification.notApproved","7695","交換できるくん","core","status=not_started, stars=2"
"debt","deepVerification.notApproved","7701","島津製作所","core","status=not_started, stars=2"
"debt","deepVerification.notApproved","7702","ＪＭＳ","core","status=not_started, stars=2"
"debt","deepVerification.notApproved","7707","プレシジョン・システム・サイエンス","core","status=not_started, stars=2"
"debt","deepVerification.notApproved","7709","クボテック","core","status=not_started, stars=2"
"debt","deepVerification.notApproved","7711","助川電気工業","core","status=not_started, stars=2"
"debt","deepVerification.notApproved","7713","シグマ光機","core","status=not_started, stars=2"
"debt","deepVerification.notApproved","7715","長野計器","core","status=not_started, stars=2"
"debt","deepVerification.notApproved","7716","ナカニシ","core","status=not_started, stars=2"
"debt","deepVerification.notApproved","7717","ブイ・テクノロジー","core","status=not_started, stars=2"
"debt","deepVerification.notApproved","7719","東京衡機","core","status=not_started, stars=2"
"debt","deepVerification.notApproved","7721","東京計器","core","status=not_started, stars=2"
"debt","deepVerification.notApproved","7722","国際計測器","core","status=not_started, stars=2"
"debt","deepVerification.notApproved","7723","愛知時計電機","core","status=not_started, stars=2"
"debt","deepVerification.notApproved","7725","インターアクション","core","status=not_started, stars=2"
"debt","deepVerification.notApproved","7727","オーバル","core","status=not_started, stars=2"
"debt","deepVerification.notApproved","7729","東京精密","core","status=not_started, stars=2"
"debt","deepVerification.notApproved","7730","マニー","core","status=not_started, stars=2"
"debt","deepVerification.notApproved","7731","ニコン","core","status=not_started, stars=2"
"debt","deepVerification.notApproved","7733","オリンパス","core","status=not_started, stars=3"
"debt","deepVerification.notApproved","7734","理研計器","core","status=not_started, stars=2"
"debt","deepVerification.notApproved","7735","SCREENホールディングス","core","status=not_started, stars=3"
"debt","deepVerification.notApproved","7740","タムロン","core","status=not_started, stars=2"
"debt","deepVerification.notApproved","7741","HOYA","core","status=not_started, stars=3"
"debt","deepVerification.notApproved","7743","シード","core","status=not_started, stars=2"
"debt","deepVerification.notApproved","7744","ノーリツ鋼機","core","status=not_started, stars=2"
"debt","deepVerification.notApproved","7745","Ａ＆Ｄホロンホールディングス","core","status=not_started, stars=2"
"debt","deepVerification.notApproved","7746","岡本硝子","core","status=not_started, stars=3"
"debt","deepVerification.notApproved","7747","朝日インテック","core","status=not_started, stars=2"
"debt","deepVerification.notApproved","7749","メディキット","core","status=not_started, stars=2"
"debt","deepVerification.notApproved","7751","キヤノン","core","status=not_started, stars=3"
"debt","deepVerification.notApproved","7752","リコー","core","status=not_started, stars=3"
"debt","deepVerification.notApproved","7760","ＩＭＶ","core","status=not_started, stars=2"
"debt","deepVerification.notApproved","7762","シチズン時計","core","status=not_started, stars=2"
"debt","deepVerification.notApproved","7769","リズム","core","status=not_started, stars=2"
"debt","deepVerification.notApproved","7771","日本精密","core","status=not_started, stars=2"
"debt","deepVerification.notApproved","7774","ジャパン・ティッシュエンジニアリング","core","status=not_started, stars=2"
"debt","deepVerification.notApproved","7775","大研医器","core","status=not_started, stars=2"
"debt","deepVerification.notApproved","7776","セルシード","core","status=not_started, stars=2"
"debt","deepVerification.notApproved","7777","スリー・ディー・マトリックス","core","status=not_started, stars=2"
"debt","deepVerification.notApproved","7779","ＣＹＢＥＲＤＹＮＥ","core","status=not_started, stars=2"
"debt","deepVerification.notApproved","7780","メニコン","core","status=not_started, stars=2"
"debt","deepVerification.notApproved","7781","平山ホールディングス","core","status=not_started, stars=2"
"debt","deepVerification.notApproved","7782","シンシア","core","status=not_started, stars=2"
"debt","deepVerification.notApproved","7791","ドリームベッド","core","status=not_started, stars=2"
"debt","deepVerification.notApproved","7792","コラントッテ","core","status=not_started, stars=2"
"debt","deepVerification.notApproved","7793","イメージ・マジック","core","status=not_started, stars=2"
"debt","deepVerification.notApproved","7794","イーディーピー","core","status=not_started, stars=2"
"debt","deepVerification.notApproved","7795","ＫＹＯＲＩＴＳＵ","core","status=not_started, stars=2"
"debt","deepVerification.notApproved","7800","アミファ","core","status=not_started, stars=2"
"debt","deepVerification.notApproved","7803","ブシロード","core","status=not_started, stars=2"
"debt","deepVerification.notApproved","7804","ビーアンドピー","core","status=not_started, stars=2"
"debt","deepVerification.notApproved","7805","プリントネット","core","status=not_started, stars=2"
"debt","deepVerification.notApproved","7806","ＭＴＧ","core","status=not_started, stars=2"
"debt","deepVerification.notApproved","7807","幸和製作所","core","status=not_started, stars=2"
"debt","deepVerification.notApproved","7808","シー・エス・ランバー","core","status=not_started, stars=2"
"debt","deepVerification.notApproved","7809","壽屋","core","status=not_started, stars=2"
"debt","deepVerification.notApproved","7810","クロスフォー","core","status=not_started, stars=2"
"debt","deepVerification.notApproved","7811","中本パックス","core","status=not_started, stars=2"
"debt","deepVerification.notApproved","7812","クレステック","core","status=not_started, stars=2"
"debt","deepVerification.notApproved","7813","プラッツ","core","status=not_started, stars=2"
"debt","deepVerification.notApproved","7814","日本創発グループ","core","status=not_started, stars=2"
"debt","deepVerification.notApproved","7815","東京ボード工業","core","status=not_started, stars=2"
"debt","deepVerification.notApproved","7818","トランザクション","core","status=not_started, stars=2"
"debt","deepVerification.notApproved","7819","粧美堂","core","status=not_started, stars=2"
"debt","deepVerification.notApproved","7820","ニホンフラッシュ","core","status=not_started, stars=2"
"debt","deepVerification.notApproved","7821","前田工繊","core","status=not_started, stars=2"
"debt","deepVerification.notApproved","7822","永大産業","core","status=not_started, stars=2"
"debt","deepVerification.notApproved","7823","アートネイチャー","core","status=not_started, stars=2"
"debt","deepVerification.notApproved","7826","フルヤ金属","core","status=not_started, stars=3"
"debt","deepVerification.notApproved","7827","オービス","core","status=not_started, stars=2"
"debt","deepVerification.notApproved","7831","ウイルコホールディングス","core","status=not_started, stars=2"
"debt","deepVerification.notApproved","7832","バンダイナムコホールディングス","core","status=not_started, stars=3"
"debt","deepVerification.notApproved","7833","アイフィスジャパン","core","status=not_started, stars=2"
"debt","deepVerification.notApproved","7836","アビックス","core","status=not_started, stars=2"
"debt","deepVerification.notApproved","7837","アールシーコア","core","status=not_started, stars=2"
"debt","deepVerification.notApproved","7839","ＳＨＯＥＩ","core","status=not_started, stars=2"
"debt","deepVerification.notApproved","7840","フランスベッドホールディングス","core","status=not_started, stars=2"
"debt","deepVerification.notApproved","7841","遠藤製作所","core","status=not_started, stars=2"
"debt","deepVerification.notApproved","7844","マーベラス","core","status=not_started, stars=2"
"debt","deepVerification.notApproved","7846","パイロットコーポレーション","core","status=not_started, stars=2"
"debt","deepVerification.notApproved","7847","グラファイトデザイン","core","status=not_started, stars=2"
"debt","deepVerification.notApproved","7850","総合商研","core","status=not_started, stars=2"
"debt","deepVerification.notApproved","7851","カワセコンピュータサプライ","core","status=not_started, stars=2"
"debt","deepVerification.notApproved","7856","萩原工業","core","status=not_started, stars=2"
"debt","deepVerification.notApproved","7857","セキ","core","status=not_started, stars=2"
"debt","deepVerification.notApproved","7859","アルメディオ","core","status=not_started, stars=2"
"debt","deepVerification.notApproved","7860","エイベックス","core","status=not_started, stars=2"
"debt","deepVerification.notApproved","7863","平賀","core","status=not_started, stars=2"
"debt","deepVerification.notApproved","7864","フジシールインターナショナル","core","status=not_started, stars=2"
"debt","deepVerification.notApproved","7865","ピープル","core","status=not_started, stars=2"
"debt","deepVerification.notApproved","7867","タカラトミー","core","status=not_started, stars=2"
"debt","deepVerification.notApproved","7868","広済堂ホールディングス","core","status=not_started, stars=2"
"debt","deepVerification.notApproved","7871","フクビ化学工業","core","status=not_started, stars=2"
"debt","deepVerification.notApproved","7872","エステールホールディングス","core","status=not_started, stars=2"
"debt","deepVerification.notApproved","7875","竹田ｉＰホールディングス","core","status=not_started, stars=2"
"debt","deepVerification.notApproved","7877","永大化工","core","status=not_started, stars=2"
"debt","deepVerification.notApproved","7878","光・彩","core","status=not_started, stars=2"
"debt","deepVerification.notApproved","7879","ノダ","core","status=not_started, stars=2"
"debt","deepVerification.notApproved","7883","サンメッセ","core","status=not_started, stars=2"
"debt","deepVerification.notApproved","7885","タカノ","core","status=not_started, stars=2"
"debt","deepVerification.notApproved","7886","ヤマト モビリティ ＆ Ｍｆｇ．","core","status=not_started, stars=2"
"debt","deepVerification.notApproved","7887","南海プライウッド","core","status=not_started, stars=2"
"debt","deepVerification.notApproved","7893","プロネクサス","core","status=not_started, stars=2"
"debt","deepVerification.notApproved","7896","セブン工業","core","status=not_started, stars=2"
"debt","deepVerification.notApproved","7897","ホクシン","core","status=not_started, stars=2"
"debt","deepVerification.notApproved","7898","ウッドワン","core","status=not_started, stars=2"
"debt","deepVerification.notApproved","7901","マツモト","core","status=not_started, stars=2"
"debt","deepVerification.notApproved","7902","ソノコム","core","status=not_started, stars=2"
"debt","deepVerification.notApproved","7906","ヨネックス","core","status=not_started, stars=2"
"debt","deepVerification.notApproved","7908","きもと","core","status=not_started, stars=2"
"debt","deepVerification.notApproved","7911","ＴＯＰＰＡＮホールディングス","core","status=not_started, stars=3"
"debt","deepVerification.notApproved","7912","大日本印刷","core","status=not_started, stars=2"
"debt","deepVerification.notApproved","7914","共同印刷","core","status=not_started, stars=2"
"debt","deepVerification.notApproved","7915","ＮＩＳＳＨＡ","core","status=not_started, stars=2"
"debt","deepVerification.notApproved","7916","光村印刷","core","status=not_started, stars=2"
"debt","deepVerification.notApproved","7919","野崎印刷紙業","core","status=not_started, stars=2"
"debt","deepVerification.notApproved","7921","ＴＡＫＡＲＡ ＆ ＣＯＭＰＡＮＹ","core","status=not_started, stars=2"
"debt","deepVerification.notApproved","7927","ムトー精工","core","status=not_started, stars=2"
"debt","deepVerification.notApproved","7928","旭化学工業","core","status=not_started, stars=2"
"debt","deepVerification.notApproved","7932","ニッピ","core","status=not_started, stars=2"
"debt","deepVerification.notApproved","7936","アシックス","core","status=not_started, stars=2"
"debt","deepVerification.notApproved","7937","ツツミ","core","status=not_started, stars=2"
"debt","deepVerification.notApproved","7938","リーガルコーポレーション","core","status=not_started, stars=2"
"debt","deepVerification.notApproved","7939","研創","core","status=not_started, stars=2"
"debt","deepVerification.notApproved","7943","ニチハ","core","status=not_started, stars=2"
"debt","deepVerification.notApproved","7944","ローランド","core","status=not_started, stars=2"
"debt","deepVerification.notApproved","7946","光陽社","core","status=not_started, stars=2"
"debt","deepVerification.notApproved","7949","小松ウオール工業","core","status=not_started, stars=2"
"debt","deepVerification.notApproved","7951","ヤマハ","core","status=not_started, stars=2"
"debt","deepVerification.notApproved","7952","河合楽器製作所","core","status=not_started, stars=2"
"debt","deepVerification.notApproved","7953","菊水化学工業","core","status=not_started, stars=2"
"debt","deepVerification.notApproved","7955","クリナップ","core","status=not_started, stars=2"
"debt","deepVerification.notApproved","7956","ピジョン","core","status=not_started, stars=2"
"debt","deepVerification.notApproved","7957","フジコピアン","core","status=not_started, stars=2"
"debt","deepVerification.notApproved","7962","キングジム","core","status=not_started, stars=2"
"debt","deepVerification.notApproved","7963","興研","core","status=not_started, stars=2"
"debt","deepVerification.notApproved","7966","リンテック","core","status=not_started, stars=2"
"debt","deepVerification.notApproved","7971","東リ","core","status=not_started, stars=2"
"debt","deepVerification.notApproved","7972","イトーキ","core","status=not_started, stars=2"
"debt","deepVerification.notApproved","7974","任天堂","core","status=not_started, stars=2"
"debt","deepVerification.notApproved","7975","リヒトラブ","core","status=not_started, stars=2"
"debt","deepVerification.notApproved","7976","三菱鉛筆","core","status=not_started, stars=2"
"debt","deepVerification.notApproved","7979","松風","core","status=not_started, stars=2"
"debt","deepVerification.notApproved","7980","重松製作所","core","status=not_started, stars=2"
"debt","deepVerification.notApproved","7981","タカラスタンダード","core","status=not_started, stars=2"
"debt","deepVerification.notApproved","7983","ミロク","core","status=not_started, stars=2"
"debt","deepVerification.notApproved","7984","コクヨ","core","status=not_started, stars=2"
"debt","deepVerification.notApproved","7985","ネポン","core","status=not_started, stars=2"
"debt","deepVerification.notApproved","7986","日本アイ・エス・ケイ","core","status=not_started, stars=2"
"debt","deepVerification.notApproved","7987","ナカバヤシ","core","status=not_started, stars=2"
"debt","deepVerification.notApproved","7989","立川ブラインド工業","core","status=not_started, stars=2"
"debt","deepVerification.notApproved","7990","グローブライド","core","status=not_started, stars=2"
"debt","deepVerification.notApproved","7992","セーラー万年筆","core","status=not_started, stars=2"
"debt","deepVerification.notApproved","7994","オカムラ","core","status=not_started, stars=2"
"debt","deepVerification.notApproved","7997","くろがね工作所","core","status=not_started, stars=2"
"debt","deepVerification.notApproved","8001","伊藤忠商事","core","status=not_started, stars=3"
"debt","deepVerification.notApproved","8002","丸紅","core","status=not_started, stars=2"
"debt","deepVerification.notApproved","8005","スクロール","core","status=not_started, stars=2"
"debt","deepVerification.notApproved","8007","高島","core","status=not_started, stars=2"
"debt","deepVerification.notApproved","8008","ヨンドシーホールディングス","core","status=not_started, stars=2"
"debt","deepVerification.notApproved","8011","三陽商会","core","status=not_started, stars=2"
"debt","deepVerification.notApproved","8012","長瀬産業","core","status=not_started, stars=2"
"debt","deepVerification.notApproved","8013","ナイガイ","core","status=not_started, stars=2"
"debt","deepVerification.notApproved","8014","蝶理","core","status=not_started, stars=2"
"debt","deepVerification.notApproved","8015","豊田通商","core","status=not_started, stars=2"
"debt","deepVerification.notApproved","8016","オンワードホールディングス","core","status=not_started, stars=2"
"debt","deepVerification.notApproved","8018","三共生興","core","status=not_started, stars=2"
"debt","deepVerification.notApproved","8020","兼松","core","status=not_started, stars=2"
"debt","deepVerification.notApproved","8022","美津濃","core","status=not_started, stars=2"
"debt","deepVerification.notApproved","8029","ルックホールディングス","core","status=not_started, stars=3"
"debt","deepVerification.notApproved","8031","三井物産","core","status=not_started, stars=3"
"debt","deepVerification.notApproved","8032","日本紙パルプ商事","core","status=not_started, stars=2"
"debt","deepVerification.notApproved","8035","東京エレクトロン","core","status=not_started, stars=3"
"debt","deepVerification.notApproved","8037","カメイ","core","status=not_started, stars=2"
"debt","deepVerification.notApproved","8040","東京ソワール","core","status=not_started, stars=2"
"debt","deepVerification.notApproved","8043","スターゼン","core","status=not_started, stars=2"
"debt","deepVerification.notApproved","8050","セイコーグループ","core","status=not_started, stars=2"
"debt","deepVerification.notApproved","8051","山善","core","status=not_started, stars=2"
"debt","deepVerification.notApproved","8052","椿本興業","core","status=not_started, stars=2"
"debt","deepVerification.notApproved","8053","住友商事","core","status=not_started, stars=2"
"debt","deepVerification.notApproved","8056","ＢＩＰＲＯＧＹ","core","status=not_started, stars=2"
"debt","deepVerification.notApproved","8057","内田洋行","core","status=not_started, stars=2"
"debt","deepVerification.notApproved","8058","三菱商事","core","status=not_started, stars=3"
"debt","deepVerification.notApproved","8059","第一実業","core","status=not_started, stars=2"
"debt","deepVerification.notApproved","8060","キヤノンマーケティングジャパン","core","status=not_started, stars=2"
"debt","deepVerification.notApproved","8061","西華産業","core","status=not_started, stars=2"
"debt","deepVerification.notApproved","8065","佐藤商事","core","status=not_started, stars=2"
"debt","deepVerification.notApproved","8070","東京産業","core","status=not_started, stars=2"
"debt","deepVerification.notApproved","8074","ＹＵＡＳＡ","core","status=not_started, stars=2"
"debt","deepVerification.notApproved","8075","神鋼商事","core","status=not_started, stars=2"
"debt","deepVerification.notApproved","8078","阪和興業","core","status=not_started, stars=2"
"debt","deepVerification.notApproved","8079","正栄食品工業","core","status=not_started, stars=2"
"debt","deepVerification.notApproved","8081","カナデン","core","status=not_started, stars=2"
"debt","deepVerification.notApproved","8084","ＲＹＯＤＥＮ","core","status=not_started, stars=2"
"debt","deepVerification.notApproved","8086","ニプロ","core","status=not_started, stars=2"
"debt","deepVerification.notApproved","8088","岩谷産業","core","status=not_started, stars=2"
"debt","deepVerification.notApproved","8091","ニチモウ","core","status=not_started, stars=2"
"debt","deepVerification.notApproved","8093","極東貿易","core","status=not_started, stars=2"
"debt","deepVerification.notApproved","8095","アステナホールディングス","core","status=not_started, stars=2"
"debt","deepVerification.notApproved","8097","三愛オブリ","core","status=not_started, stars=2"
"debt","deepVerification.notApproved","8098","稲畑産業","core","status=not_started, stars=2"
"debt","deepVerification.notApproved","8101","ＧＳＩクレオス","core","status=not_started, stars=2"
"debt","deepVerification.notApproved","8103","明和産業","core","status=not_started, stars=2"
"debt","deepVerification.notApproved","8107","キムラタン","core","status=not_started, stars=2"
"debt","deepVerification.notApproved","8111","ゴールドウイン","core","status=not_started, stars=2"
"debt","deepVerification.notApproved","8113","ユニ・チャーム","core","status=not_started, stars=3"
"debt","deepVerification.notApproved","8118","キング","core","status=not_started, stars=2"
"debt","deepVerification.notApproved","8125","ワキタ","core","status=not_started, stars=2"
"debt","deepVerification.notApproved","8127","ヤマトインターナショナル","core","status=not_started, stars=2"
"debt","deepVerification.notApproved","8129","東邦ホールディングス","core","status=not_started, stars=3"
"debt","deepVerification.notApproved","8130","サンゲツ","core","status=not_started, stars=2"
"debt","deepVerification.notApproved","8131","ミツウロコグループホールディングス","core","status=not_started, stars=2"
"debt","deepVerification.notApproved","8132","シナネンホールディングス","core","status=not_started, stars=2"
"debt","deepVerification.notApproved","8133","伊藤忠エネクス","core","status=not_started, stars=2"
"debt","deepVerification.notApproved","8136","サンリオ","core","status=not_started, stars=2"
"debt","deepVerification.notApproved","8137","サンワテクノス","core","status=not_started, stars=2"
"debt","deepVerification.notApproved","8141","新光商事","core","status=not_started, stars=2"
"debt","deepVerification.notApproved","8142","トーホー","core","status=not_started, stars=2"
"debt","deepVerification.notApproved","8143","ラピーヌ","core","status=not_started, stars=2"
"debt","deepVerification.notApproved","8150","三信電気","core","status=not_started, stars=2"
"debt","deepVerification.notApproved","8151","東陽テクニカ","core","status=not_started, stars=2"
"debt","deepVerification.notApproved","8153","モスフードサービス","core","status=not_started, stars=2"
"debt","deepVerification.notApproved","8154","加賀電子","core","status=not_started, stars=2"
"debt","deepVerification.notApproved","8158","ソーダニッカ","core","status=not_started, stars=2"
"debt","deepVerification.notApproved","8159","立花エレテック","core","status=not_started, stars=2"
"debt","deepVerification.notApproved","8160","木曽路","core","status=not_started, stars=2"
"debt","deepVerification.notApproved","8163","ＳＲＳホールディングス","core","status=not_started, stars=2"
"debt","deepVerification.notApproved","8167","リテールパートナーズ","core","status=not_started, stars=2"
"debt","deepVerification.notApproved","8173","Ｊｏｓｈｉｎ","core","status=not_started, stars=2"
"debt","deepVerification.notApproved","8174","日本瓦斯","core","status=not_started, stars=2"
"debt","deepVerification.notApproved","8179","ロイヤルホールディングス","core","status=not_started, stars=2"
"debt","deepVerification.notApproved","8185","チヨダ","core","status=not_started, stars=2"
"debt","deepVerification.notApproved","8194","ライフコーポレーション","core","status=not_started, stars=2"
"debt","deepVerification.notApproved","8198","マックスバリュ東海","core","status=not_started, stars=3"
"debt","deepVerification.notApproved","8200","リンガーハット","core","status=not_started, stars=2"
"debt","deepVerification.notApproved","8203","ＭｒＭａｘＨＤ","core","status=not_started, stars=2"
"debt","deepVerification.notApproved","8214","ＡＯＫＩホールディングス","core","status=not_started, stars=2"
"debt","deepVerification.notApproved","8217","オークワ","core","status=not_started, stars=2"
"debt","deepVerification.notApproved","8218","コメリ","core","status=not_started, stars=2"
"debt","deepVerification.notApproved","8219","青山商事","core","status=not_started, stars=2"
"debt","deepVerification.notApproved","8227","しまむら","core","status=not_started, stars=2"
"debt","deepVerification.notApproved","8233","高島屋","core","status=not_started, stars=3"
"debt","deepVerification.notApproved","8237","松屋","core","status=not_started, stars=2"
"debt","deepVerification.notApproved","8242","エイチ・ツー・オー　リテイリング","core","status=not_started, stars=2"
"debt","deepVerification.notApproved","8252","丸井グループ","core","status=not_started, stars=3"
"debt","deepVerification.notApproved","8253","クレディセゾン","core","status=not_started, stars=2"
"debt","deepVerification.notApproved","8255","アクシアル リテイリング","core","status=not_started, stars=2"
"debt","deepVerification.notApproved","8267","イオン","core","status=not_started, stars=3"
"debt","deepVerification.notApproved","8273","イズミ","core","status=not_started, stars=2"
"debt","deepVerification.notApproved","8276","平和堂","core","status=not_started, stars=2"
"debt","deepVerification.notApproved","8278","フジ","core","status=not_started, stars=2"
"debt","deepVerification.notApproved","8281","ゼビオホールディングス","core","status=not_started, stars=2"
"debt","deepVerification.notApproved","8282","ケーズホールディングス","core","status=not_started, stars=2"
"debt","deepVerification.notApproved","8283","ＰＡＬＴＡＣ","core","status=not_started, stars=2"
"debt","deepVerification.notApproved","8303","ＳＢＩ新生銀行","core","status=not_started, stars=2"
"debt","deepVerification.notApproved","8304","あおぞら銀行","core","status=not_started, stars=2"
"debt","deepVerification.notApproved","8306","三菱UFJフィナンシャル・グループ","core","status=not_started, stars=3"
"debt","deepVerification.notApproved","8308","りそなホールディングス","core","status=not_started, stars=3"
"debt","deepVerification.notApproved","8309","三井住友トラストグループ","core","status=not_started, stars=2"
"debt","deepVerification.notApproved","8316","三井住友フィナンシャルグループ","core","status=not_started, stars=3"
"debt","deepVerification.notApproved","8331","千葉銀行","core","status=not_started, stars=2"
"debt","deepVerification.notApproved","8334","群馬銀行","core","status=not_started, stars=2"
"debt","deepVerification.notApproved","8336","武蔵野銀行","core","status=not_started, stars=2"
"debt","deepVerification.notApproved","8337","千葉興業銀行","core","status=not_started, stars=2"
"debt","deepVerification.notApproved","8338","筑波銀行","core","status=not_started, stars=2"
"debt","deepVerification.notApproved","8341","七十七銀行","core","status=not_started, stars=2"
"debt","deepVerification.notApproved","8343","秋田銀行","core","status=not_started, stars=2"
"debt","deepVerification.notApproved","8344","山形銀行","core","status=not_started, stars=2"
"debt","deepVerification.notApproved","8345","岩手銀行","core","status=not_started, stars=2"
"debt","deepVerification.notApproved","8346","東邦銀行","core","status=not_started, stars=2"
"debt","deepVerification.notApproved","8349","東北銀行","core","status=not_started, stars=2"
"debt","deepVerification.notApproved","8354","ふくおかフィナンシャルグループ","core","status=not_started, stars=2"
"debt","deepVerification.notApproved","8358","スルガ銀行","core","status=not_started, stars=2"
"debt","deepVerification.notApproved","8359","八十二長野銀行","core","status=not_started, stars=2"
"debt","deepVerification.notApproved","8360","山梨中央銀行","core","status=not_started, stars=2"
"debt","deepVerification.notApproved","8361","大垣共立銀行","core","status=not_started, stars=2"
"debt","deepVerification.notApproved","8362","福井銀行","core","status=not_started, stars=2"
"debt","deepVerification.notApproved","8364","清水銀行","core","status=not_started, stars=2"
"debt","deepVerification.notApproved","8365","富山銀行","core","status=not_started, stars=2"
"debt","deepVerification.notApproved","8366","滋賀銀行","core","status=not_started, stars=2"
"debt","deepVerification.notApproved","8367","南都銀行","core","status=not_started, stars=2"
"debt","deepVerification.notApproved","8368","百五銀行","core","status=not_started, stars=2"
"debt","deepVerification.notApproved","8370","紀陽銀行","core","status=not_started, stars=2"
"debt","deepVerification.notApproved","8377","ほくほくフィナンシャルグループ","core","status=not_started, stars=2"
"debt","deepVerification.notApproved","8381","山陰合同銀行","core","status=not_started, stars=2"
"debt","deepVerification.notApproved","8383","鳥取銀行","core","status=not_started, stars=2"
"debt","deepVerification.notApproved","8386","百十四銀行","core","status=not_started, stars=2"
"debt","deepVerification.notApproved","8387","四国銀行","core","status=not_started, stars=2"
"debt","deepVerification.notApproved","8388","阿波銀行","core","status=not_started, stars=2"
"debt","deepVerification.notApproved","8392","大分銀行","core","status=not_started, stars=2"
"debt","deepVerification.notApproved","8393","宮崎銀行","core","status=not_started, stars=2"
"debt","deepVerification.notApproved","8395","佐賀銀行","core","status=not_started, stars=2"
"debt","deepVerification.notApproved","8399","琉球銀行","core","status=not_started, stars=2"
"debt","deepVerification.notApproved","8410","セブン銀行","core","status=not_started, stars=2"
"debt","deepVerification.notApproved","8411","みずほフィナンシャルグループ","core","status=not_started, stars=3"
"debt","deepVerification.notApproved","8416","高知銀行","core","status=not_started, stars=2"
"debt","deepVerification.notApproved","8418","山口フィナンシャルグループ","core","status=not_started, stars=2"
"debt","deepVerification.notApproved","8424","芙蓉総合リース","core","status=not_started, stars=2"
"debt","deepVerification.notApproved","8425","みずほリース","core","status=not_started, stars=2"
"debt","deepVerification.notApproved","8439","東京センチュリー","core","status=not_started, stars=2"
"debt","deepVerification.notApproved","8473","SBIホールディングス","core","status=not_started, stars=3"
"debt","deepVerification.notApproved","8508","Ｊトラスト","core","status=not_started, stars=2"
"debt","deepVerification.notApproved","8511","日本証券金融","core","status=not_started, stars=2"
"debt","deepVerification.notApproved","8518","日本アジア投資","core","status=not_started, stars=2"
"debt","deepVerification.notApproved","8522","名古屋銀行","core","status=not_started, stars=2"
"debt","deepVerification.notApproved","8524","北洋銀行","core","status=not_started, stars=2"
"debt","deepVerification.notApproved","8537","大光銀行","core","status=not_started, stars=2"
"debt","deepVerification.notApproved","8541","愛媛銀行","core","status=not_started, stars=2"
"debt","deepVerification.notApproved","8542","トマト銀行","core","status=not_started, stars=2"
"debt","deepVerification.notApproved","8544","京葉銀行","core","status=not_started, stars=2"
"debt","deepVerification.notApproved","8550","栃木銀行","core","status=not_started, stars=2"
"debt","deepVerification.notApproved","8551","北日本銀行","core","status=not_started, stars=2"
"debt","deepVerification.notApproved","8558","東和銀行","core","status=not_started, stars=2"
"debt","deepVerification.notApproved","8562","福島銀行","core","status=not_started, stars=2"
"debt","deepVerification.notApproved","8563","大東銀行","core","status=not_started, stars=2"
"debt","deepVerification.notApproved","8566","リコーリース","core","status=not_started, stars=2"
"debt","deepVerification.notApproved","8570","イオンフィナンシャルサービス","core","status=not_started, stars=2"
"debt","deepVerification.notApproved","8572","アコム","core","status=not_started, stars=2"
"debt","deepVerification.notApproved","8584","ジャックス","core","status=not_started, stars=2"
"debt","deepVerification.notApproved","8585","オリエントコーポレーション","core","status=not_started, stars=2"
"debt","deepVerification.notApproved","8591","オリックス","core","status=not_started, stars=3"
"debt","deepVerification.notApproved","8593","三菱ＨＣキャピタル","core","status=not_started, stars=2"
"debt","deepVerification.notApproved","8595","ジャフコ グループ","core","status=not_started, stars=2"
"debt","deepVerification.notApproved","8596","九州リースサービス","core","status=not_started, stars=2"
"debt","deepVerification.notApproved","8600","トモニホールディングス","core","status=not_started, stars=2"
"debt","deepVerification.notApproved","8601","大和証券グループ本社","core","status=not_started, stars=3"
"debt","deepVerification.notApproved","8604","野村ホールディングス","core","status=not_started, stars=3"
"debt","deepVerification.notApproved","8609","岡三証券グループ","core","status=not_started, stars=2"
"debt","deepVerification.notApproved","8613","丸三証券","core","status=not_started, stars=2"
"debt","deepVerification.notApproved","8614","東洋証券","core","status=not_started, stars=2"
"debt","deepVerification.notApproved","8616","東海東京フィナンシャル・ホールディングス","core","status=not_started, stars=2"
"debt","deepVerification.notApproved","8617","光世証券","core","status=not_started, stars=2"
"debt","deepVerification.notApproved","8622","水戸証券","core","status=not_started, stars=2"
"debt","deepVerification.notApproved","8624","いちよし証券","core","status=not_started, stars=2"
"debt","deepVerification.notApproved","8628","松井証券","core","status=not_started, stars=2"
"debt","deepVerification.notApproved","8630","SOMPOホールディングス","core","status=not_started, stars=3"
"debt","deepVerification.notApproved","8697","日本取引所グループ","core","status=not_started, stars=2"
"debt","deepVerification.notApproved","8698","マネックスグループ","core","status=not_started, stars=2"
"debt","deepVerification.notApproved","8699","ＨＳホールディングス","core","status=not_started, stars=2"
"debt","deepVerification.notApproved","8700","丸八証券","core","status=not_started, stars=2"
"debt","deepVerification.notApproved","8704","トレイダーズホールディングス","core","status=not_started, stars=3"
"debt","deepVerification.notApproved","8705","日産証券グループ","core","status=not_started, stars=2"
"debt","deepVerification.notApproved","8706","極東証券","core","status=not_started, stars=2"
"debt","deepVerification.notApproved","8707","岩井コスモホールディングス","core","status=not_started, stars=2"
"debt","deepVerification.notApproved","8708","アイザワ証券グループ","core","status=not_started, stars=2"
"debt","deepVerification.notApproved","8713","フィデアホールディングス","core","status=not_started, stars=2"
"debt","deepVerification.notApproved","8714","池田泉州ホールディングス","core","status=not_started, stars=2"
"debt","deepVerification.notApproved","8715","アニコム ホールディングス","core","status=not_started, stars=2"
"debt","deepVerification.notApproved","8725","MS&ADインシュアランスグループホールディングス","core","status=not_started, stars=3"
"debt","deepVerification.notApproved","8729","ソニーフィナンシャルグループ","core","status=not_started, stars=2"
"debt","deepVerification.notApproved","8737","あかつき本社","core","status=not_started, stars=2"
"debt","deepVerification.notApproved","8739","スパークス・グループ","core","status=not_started, stars=2"
"debt","deepVerification.notApproved","8742","小林洋行","core","status=not_started, stars=2"
"debt","deepVerification.notApproved","8746","ｕｎｂａｎｋｅｄ","core","status=not_started, stars=2"
"debt","deepVerification.notApproved","8747","豊トラスティ証券","core","status=not_started, stars=2"
"debt","deepVerification.notApproved","8750","第一生命ホールディングス","core","status=not_started, stars=3"
"debt","deepVerification.notApproved","8766","東京海上ホールディングス","core","status=not_started, stars=3"
"debt","deepVerification.notApproved","8771","イー・ギャランティ","core","status=not_started, stars=2"
"debt","deepVerification.notApproved","8772","アサックス","core","status=not_started, stars=3"
"debt","deepVerification.notApproved","8783","ａｂｃ","core","status=not_started, stars=2"
"debt","deepVerification.notApproved","8789","フィンテック グローバル","core","status=not_started, stars=2"
"debt","deepVerification.notApproved","8793","ＮＥＣキャピタルソリューション","core","status=not_started, stars=2"
"debt","deepVerification.notApproved","8795","Ｔ＆Ｄホールディングス","core","status=not_started, stars=2"
"debt","deepVerification.notApproved","8798","アドバンスクリエイト","core","status=not_started, stars=2"
"debt","deepVerification.notApproved","8801","三井不動産","core","status=not_started, stars=3"
"debt","deepVerification.notApproved","8802","三菱地所","core","status=not_started, stars=3"
"debt","deepVerification.notApproved","8803","平和不動産","core","status=not_started, stars=2"
"debt","deepVerification.notApproved","8804","東京建物","core","status=not_started, stars=2"
"debt","deepVerification.notApproved","8818","京阪神ビルディング","core","status=not_started, stars=2"
"debt","deepVerification.notApproved","8830","住友不動産","core","status=not_started, stars=2"
"debt","deepVerification.notApproved","8836","ＲＩＳＥ","core","status=not_started, stars=2"
"debt","deepVerification.notApproved","8841","テーオーシー","core","status=not_started, stars=2"
"debt","deepVerification.notApproved","8844","コスモスイニシア","core","status=not_started, stars=2"
"debt","deepVerification.notApproved","8848","レオパレス２１","core","status=not_started, stars=2"
"debt","deepVerification.notApproved","8850","スターツコーポレーション","core","status=not_started, stars=2"
"debt","deepVerification.notApproved","8860","フジ住宅","core","status=not_started, stars=2"
"debt","deepVerification.notApproved","8864","空港施設","core","status=not_started, stars=2"
"debt","deepVerification.notApproved","8869","明和地所","core","status=not_started, stars=2"
"debt","deepVerification.notApproved","8871","ゴールドクレスト","core","status=not_started, stars=3"
"debt","deepVerification.notApproved","8876","リログループ","core","status=not_started, stars=3"
"debt","deepVerification.notApproved","8877","エスリード","core","status=not_started, stars=2"
"debt","deepVerification.notApproved","8881","日神グループホールディングス","core","status=not_started, stars=2"
"debt","deepVerification.notApproved","8887","シーラホールディングス","core","status=not_started, stars=2"
"debt","deepVerification.notApproved","8891","ＡＭＧホールディングス","core","status=not_started, stars=2"
"debt","deepVerification.notApproved","8892","エスコン","core","status=not_started, stars=2"
"debt","deepVerification.notApproved","8894","ＲＥＶＯＬＵＴＩＯＮ","core","status=not_started, stars=2"
"debt","deepVerification.notApproved","8897","ＭＩＲＡＲＴＨホールディングス","core","status=not_started, stars=2"
"debt","deepVerification.notApproved","8898","センチュリー２１・ジャパン","core","status=not_started, stars=2"
"debt","deepVerification.notApproved","8904","ＡＶＡＮＴＩＡ","core","status=not_started, stars=2"
"debt","deepVerification.notApproved","8908","毎日コムネット","core","status=not_started, stars=2"
"debt","deepVerification.notApproved","8912","エリアクエスト","core","status=not_started, stars=2"
"debt","deepVerification.notApproved","8914","エリアリンク","core","status=not_started, stars=2"
"debt","deepVerification.notApproved","8917","ファースト住建","core","status=not_started, stars=2"
"debt","deepVerification.notApproved","8918","ランド","core","status=not_started, stars=2"
"debt","deepVerification.notApproved","8919","カチタス","core","status=not_started, stars=2"
"debt","deepVerification.notApproved","8923","トーセイ","core","status=not_started, stars=2"
"debt","deepVerification.notApproved","8927","明豊エンタープライズ","core","status=not_started, stars=2"
"debt","deepVerification.notApproved","8928","穴吹興産","core","status=not_started, stars=2"
"debt","deepVerification.notApproved","8929","青山財産ネットワークス","core","status=not_started, stars=2"
"debt","deepVerification.notApproved","8931","和田興産","core","status=not_started, stars=2"
"debt","deepVerification.notApproved","8934","サンフロンティア不動産","core","status=not_started, stars=2"
"debt","deepVerification.notApproved","8935","ＦＪネクストホールディングス","core","status=not_started, stars=2"
"debt","deepVerification.notApproved","8938","グローム・ホールディングス","core","status=not_started, stars=2"
"debt","deepVerification.notApproved","8944","ランドビジネス","core","status=not_started, stars=2"
"debt","deepVerification.notApproved","8945","サンネクスタグループ","core","status=not_started, stars=2"
"debt","deepVerification.notApproved","8946","ＡＳＩＡＮ ＳＴＡＲ","core","status=not_started, stars=2"
"debt","deepVerification.notApproved","8995","誠建設工業","core","status=not_started, stars=2"
"debt","deepVerification.notApproved","8996","ハウスフリーダム","core","status=not_started, stars=2"
"debt","deepVerification.notApproved","8999","グランディハウス","core","status=not_started, stars=2"
"debt","deepVerification.notApproved","9001","東武鉄道","core","status=not_started, stars=2"
"debt","deepVerification.notApproved","9003","相鉄ホールディングス","core","status=not_started, stars=2"
"debt","deepVerification.notApproved","9005","東急","core","status=not_started, stars=3"
"debt","deepVerification.notApproved","9006","京浜急行電鉄","core","status=not_started, stars=2"
"debt","deepVerification.notApproved","9007","小田急電鉄","core","status=not_started, stars=2"
"debt","deepVerification.notApproved","9008","京王電鉄","core","status=not_started, stars=2"
"debt","deepVerification.notApproved","9009","京成電鉄","core","status=not_started, stars=2"
"debt","deepVerification.notApproved","9010","富士急行","core","status=not_started, stars=2"
"debt","deepVerification.notApproved","9012","秩父鉄道","core","status=not_started, stars=2"
"debt","deepVerification.notApproved","9017","新潟交通","core","status=not_started, stars=2"
"debt","deepVerification.notApproved","9020","東日本旅客鉄道","core","status=not_started, stars=3"
"debt","deepVerification.notApproved","9021","西日本旅客鉄道","core","status=not_started, stars=3"
"debt","deepVerification.notApproved","9022","東海旅客鉄道","core","status=not_started, stars=3"
"debt","deepVerification.notApproved","9023","東京地下鉄","core","status=not_started, stars=2"
"debt","deepVerification.notApproved","9024","西武ホールディングス","core","status=not_started, stars=2"
"debt","deepVerification.notApproved","9025","鴻池運輸","core","status=not_started, stars=2"
"debt","deepVerification.notApproved","9028","ゼロ","core","status=not_started, stars=2"
"debt","deepVerification.notApproved","9029","ヒガシホールディングス","core","status=not_started, stars=2"
"debt","deepVerification.notApproved","9031","西日本鉄道","core","status=not_started, stars=2"
"debt","deepVerification.notApproved","9033","広島電鉄","core","status=not_started, stars=3"
"debt","deepVerification.notApproved","9034","南総通運","core","status=not_started, stars=2"
"debt","deepVerification.notApproved","9036","東部ネットワーク","core","status=not_started, stars=2"
"debt","deepVerification.notApproved","9037","ハマキョウレックス","core","status=not_started, stars=2"
"debt","deepVerification.notApproved","9039","サカイ引越センター","core","status=not_started, stars=2"
"debt","deepVerification.notApproved","9041","近鉄グループホールディングス","core","status=not_started, stars=2"
"debt","deepVerification.notApproved","9042","阪急阪神ホールディングス","core","status=not_started, stars=3"
"debt","deepVerification.notApproved","9044","ＮＡＮＫＡＩ","core","status=not_started, stars=2"
"debt","deepVerification.notApproved","9045","京阪ホールディングス","core","status=not_started, stars=2"
"debt","deepVerification.notApproved","9046","神戸電鉄","core","status=not_started, stars=2"
"debt","deepVerification.notApproved","9048","名古屋鉄道","core","status=not_started, stars=2"
"debt","deepVerification.notApproved","9049","京福電気鉄道","core","status=not_started, stars=2"
"debt","deepVerification.notApproved","9051","センコン物流","core","status=not_started, stars=3"
"debt","deepVerification.notApproved","9052","山陽電気鉄道","core","status=not_started, stars=2"
"debt","deepVerification.notApproved","9057","遠州トラック","core","status=not_started, stars=2"
"debt","deepVerification.notApproved","9059","カンダホールディングス","core","status=not_started, stars=2"
"debt","deepVerification.notApproved","9060","日本ロジテム","core","status=not_started, stars=2"
"debt","deepVerification.notApproved","9063","岡山県貨物運送","core","status=not_started, stars=2"
"debt","deepVerification.notApproved","9064","ヤマトホールディングス","core","status=not_started, stars=2"
"debt","deepVerification.notApproved","9065","山九","core","status=not_started, stars=2"
"debt","deepVerification.notApproved","9068","丸全昭和運輸","core","status=not_started, stars=2"
"debt","deepVerification.notApproved","9069","センコーグループホールディングス","core","status=not_started, stars=2"
"debt","deepVerification.notApproved","9072","ニッコンホールディングス","core","status=not_started, stars=2"
"debt","deepVerification.notApproved","9073","京極運輸商事","core","status=not_started, stars=2"
"debt","deepVerification.notApproved","9074","日本石油輸送","core","status=not_started, stars=2"
"debt","deepVerification.notApproved","9075","福山通運","core","status=not_started, stars=2"
"debt","deepVerification.notApproved","9076","セイノーホールディングス","core","status=not_started, stars=2"
"debt","deepVerification.notApproved","9081","神奈川中央交通","core","status=not_started, stars=2"
"debt","deepVerification.notApproved","9082","大和自動車交通","core","status=not_started, stars=2"
"debt","deepVerification.notApproved","9083","神姫バス","core","status=not_started, stars=2"
"debt","deepVerification.notApproved","9087","タカセ","core","status=not_started, stars=2"
"debt","deepVerification.notApproved","9090","ＡＺ－ＣＯＭ丸和ホールディングス","core","status=not_started, stars=2"
"debt","deepVerification.notApproved","9101","日本郵船","core","status=not_started, stars=3"
"debt","deepVerification.notApproved","9104","商船三井","core","status=not_started, stars=3"
"debt","deepVerification.notApproved","9107","川崎汽船","core","status=not_started, stars=3"
"debt","deepVerification.notApproved","9110","ＮＳユナイテッド海運","core","status=not_started, stars=2"
"debt","deepVerification.notApproved","9115","明海グループ","core","status=not_started, stars=2"
"debt","deepVerification.notApproved","9119","飯野海運","core","status=not_started, stars=2"
"debt","deepVerification.notApproved","9127","玉井商船","core","status=not_started, stars=2"
"debt","deepVerification.notApproved","9130","共栄タンカー","core","status=not_started, stars=2"
"debt","deepVerification.notApproved","9142","九州旅客鉄道","core","status=not_started, stars=2"
"debt","deepVerification.notApproved","9143","ＳＧホールディングス","core","status=not_started, stars=2"
"debt","deepVerification.notApproved","9145","ビーイングホールディングス","core","status=not_started, stars=2"
"debt","deepVerification.notApproved","9147","ＮＩＰＰＯＮ ＥＸＰＲＥＳＳホールディングス","core","status=not_started, stars=2"
"debt","deepVerification.notApproved","9171","栗林商船","core","status=not_started, stars=2"
"debt","deepVerification.notApproved","9173","東海汽船","core","status=not_started, stars=2"
"debt","deepVerification.notApproved","9193","東京汽船","core","status=not_started, stars=2"
"debt","deepVerification.notApproved","9201","日本航空","core","status=not_started, stars=2"
"debt","deepVerification.notApproved","9202","ANAホールディングス","core","status=not_started, stars=3"
"debt","deepVerification.notApproved","9204","スカイマーク","core","status=not_started, stars=2"
"debt","deepVerification.notApproved","9206","スターフライヤー","core","status=not_started, stars=2"
"debt","deepVerification.notApproved","9216","ビーウィズ","core","status=not_started, stars=2"
"debt","deepVerification.notApproved","9229","サンウェルズ","core","status=not_started, stars=2"
"debt","deepVerification.notApproved","9233","アジア航測","core","status=not_started, stars=2"
"debt","deepVerification.notApproved","9247","ＴＲＥホールディングス","core","status=not_started, stars=3"
"debt","deepVerification.notApproved","9252","ラストワンマイル","core","status=not_started, stars=3"
"debt","deepVerification.notApproved","9267","Ｇｅｎｋｙ ＤｒｕｇＳｔｏｒｅｓ","core","status=not_started, stars=2"
"debt","deepVerification.notApproved","9270","バリュエンスホールディングス","core","status=not_started, stars=2"
"debt","deepVerification.notApproved","9271","和心","core","status=not_started, stars=2"
"debt","deepVerification.notApproved","9273","コーア商事ホールディングス","core","status=not_started, stars=2"
"debt","deepVerification.notApproved","9274","ＫＰＰグループホールディングス","core","status=not_started, stars=2"
"debt","deepVerification.notApproved","9278","ブックオフグループホールディングス","core","status=not_started, stars=2"
"debt","deepVerification.notApproved","9279","ギフトホールディングス","core","status=not_started, stars=2"
"debt","deepVerification.notApproved","9301","三菱倉庫","core","status=not_started, stars=2"
"debt","deepVerification.notApproved","9302","三井倉庫ホールディングス","core","status=not_started, stars=2"
"debt","deepVerification.notApproved","9303","住友倉庫","core","status=not_started, stars=2"
"debt","deepVerification.notApproved","9304","澁澤倉庫","core","status=not_started, stars=2"
"debt","deepVerification.notApproved","9305","ヤマタネ","core","status=not_started, stars=2"
"debt","deepVerification.notApproved","9306","東陽倉庫","core","status=not_started, stars=2"
"debt","deepVerification.notApproved","9307","杉村倉庫","core","status=not_started, stars=2"
"debt","deepVerification.notApproved","9308","乾汽船","core","status=not_started, stars=2"
"debt","deepVerification.notApproved","9310","日本トランスシティ","core","status=not_started, stars=2"
"debt","deepVerification.notApproved","9311","アサガミ","core","status=not_started, stars=2"
"debt","deepVerification.notApproved","9312","ケイヒン","core","status=not_started, stars=2"
"debt","deepVerification.notApproved","9313","丸八倉庫","core","status=not_started, stars=2"
"debt","deepVerification.notApproved","9319","中央倉庫","core","status=not_started, stars=2"
"debt","deepVerification.notApproved","9322","川西倉庫","core","status=not_started, stars=2"
"debt","deepVerification.notApproved","9324","安田倉庫","core","status=not_started, stars=2"
"debt","deepVerification.notApproved","9325","ファイズホールディングス","core","status=not_started, stars=2"
"debt","deepVerification.notApproved","9326","関通ホールディングス","core","status=not_started, stars=2"
"debt","deepVerification.notApproved","9327","イー・ロジット","core","status=not_started, stars=2"
"debt","deepVerification.notApproved","9332","ＮＩＳＳＯホールディングス","core","status=not_started, stars=2"
"debt","deepVerification.notApproved","9336","大栄環境","core","status=not_started, stars=2"
"debt","deepVerification.notApproved","9341","ＧＥＮＯＶＡ","core","status=not_started, stars=2"
"debt","deepVerification.notApproved","9347","日本管財ホールディングス","core","status=not_started, stars=2"
"debt","deepVerification.notApproved","9348","ispace","core","status=not_started, stars=3"
"debt","deepVerification.notApproved","9351","東洋埠頭","core","status=not_started, stars=2"
"debt","deepVerification.notApproved","9353","櫻島埠頭","core","status=not_started, stars=2"
"debt","deepVerification.notApproved","9355","リンコーコーポレーション","core","status=not_started, stars=2"
"debt","deepVerification.notApproved","9361","伏木海陸運送","core","status=not_started, stars=2"
"debt","deepVerification.notApproved","9362","兵機海運","core","status=not_started, stars=2"
"debt","deepVerification.notApproved","9363","大運","core","status=not_started, stars=2"
"debt","deepVerification.notApproved","9364","上組","core","status=not_started, stars=2"
"debt","deepVerification.notApproved","9365","トレーディア","core","status=not_started, stars=2"
"debt","deepVerification.notApproved","9366","サンリツ","core","status=not_started, stars=2"
"debt","deepVerification.notApproved","9367","大東港運","core","status=not_started, stars=2"
"debt","deepVerification.notApproved","9368","キムラユニティー","core","status=not_started, stars=2"
"debt","deepVerification.notApproved","9369","キユーソー流通システム","core","status=not_started, stars=2"
"debt","deepVerification.notApproved","9380","東海運","core","status=not_started, stars=3"
"debt","deepVerification.notApproved","9381","エーアイテイー","core","status=not_started, stars=2"
"debt","deepVerification.notApproved","9385","ショーエイコーポレーション","core","status=not_started, stars=2"
"debt","deepVerification.notApproved","9401","ＴＢＳホールディングス","core","status=not_started, stars=3"
"debt","deepVerification.notApproved","9404","日本テレビホールディングス","core","status=not_started, stars=3"
"debt","deepVerification.notApproved","9409","テレビ朝日ホールディングス","core","status=not_started, stars=3"
"debt","deepVerification.notApproved","9412","スカパーＪＳＡＴ","core","status=not_started, stars=2"
"debt","deepVerification.notApproved","9413","テレビ東京ホールディングス","core","status=not_started, stars=3"
"debt","deepVerification.notApproved","9414","日本BS放送","core","status=not_started, stars=3"
"debt","deepVerification.notApproved","9416","ビジョン","core","status=not_started, stars=2"
"debt","deepVerification.notApproved","9418","Ｕ－ＮＥＸＴ　ＨＯＬＤＩＮＧＳ","core","status=not_started, stars=2"
"debt","deepVerification.notApproved","9432","NTT","core","status=not_started, stars=3"
"debt","deepVerification.notApproved","9433","KDDI","core","status=not_started, stars=3"
"debt","deepVerification.notApproved","9434","ソフトバンク","core","status=not_started, stars=3"
"debt","deepVerification.notApproved","9435","光通信","core","status=not_started, stars=2"
"debt","deepVerification.notApproved","9449","GMOインターネットグループ","core","status=not_started, stars=3"
"debt","deepVerification.notApproved","9450","ファイバーゲート","core","status=not_started, stars=2"
"debt","deepVerification.notApproved","9468","ＫＡＤＯＫＡＷＡ","core","status=not_started, stars=2"
"debt","deepVerification.notApproved","9475","昭文社ホールディングス","core","status=not_started, stars=3"
"debt","deepVerification.notApproved","9501","東京電力ホールディングス","core","status=not_started, stars=2"
"debt","deepVerification.notApproved","9502","中部電力","core","status=not_started, stars=2"
"debt","deepVerification.notApproved","9503","関西電力","core","status=not_started, stars=2"
"debt","deepVerification.notApproved","9504","中国電力","core","status=not_started, stars=2"
"debt","deepVerification.notApproved","9505","北陸電力","core","status=not_started, stars=2"
"debt","deepVerification.notApproved","9506","東北電力","core","status=not_started, stars=2"
"debt","deepVerification.notApproved","9507","四国電力","core","status=not_started, stars=2"
"debt","deepVerification.notApproved","9508","九州電力","core","status=not_started, stars=2"
"debt","deepVerification.notApproved","9509","北海道電力","core","status=not_started, stars=2"
"debt","deepVerification.notApproved","9511","沖縄電力","core","status=not_started, stars=2"
"debt","deepVerification.notApproved","9513","電源開発","core","status=not_started, stars=2"
"debt","deepVerification.notApproved","9514","エフオン","core","status=not_started, stars=2"
"debt","deepVerification.notApproved","9517","イーレックス","core","status=not_started, stars=2"
"debt","deepVerification.notApproved","9519","レノバ","core","status=not_started, stars=2"
"debt","deepVerification.notApproved","9531","東京瓦斯","core","status=not_started, stars=2"
"debt","deepVerification.notApproved","9532","大阪瓦斯","core","status=not_started, stars=2"
"debt","deepVerification.notApproved","9533","東邦瓦斯","core","status=not_started, stars=2"
"debt","deepVerification.notApproved","9534","北海道瓦斯","core","status=not_started, stars=2"
"debt","deepVerification.notApproved","9535","広島ガス","core","status=not_started, stars=2"
"debt","deepVerification.notApproved","9536","西部ガスホールディングス","core","status=not_started, stars=2"
"debt","deepVerification.notApproved","9537","北陸瓦斯","core","status=not_started, stars=2"
"debt","deepVerification.notApproved","9539","京葉瓦斯","core","status=not_started, stars=2"
"debt","deepVerification.notApproved","9543","静岡ガス","core","status=not_started, stars=2"
"debt","deepVerification.notApproved","9551","メタウォーター","core","status=not_started, stars=2"
"debt","deepVerification.notApproved","9552","クオンツ総研ホールディングス","core","status=not_started, stars=2"
"debt","deepVerification.notApproved","9601","松竹","core","status=not_started, stars=2"
"debt","deepVerification.notApproved","9602","東宝","core","status=not_started, stars=3"
"debt","deepVerification.notApproved","9603","エイチ・アイ・エス","core","status=not_started, stars=2"
"debt","deepVerification.notApproved","9605","東映","core","status=not_started, stars=2"
"debt","deepVerification.notApproved","9612","ラックランド","core","status=not_started, stars=2"
"debt","deepVerification.notApproved","9616","共立メンテナンス","core","status=not_started, stars=2"
"debt","deepVerification.notApproved","9619","イチネンホールディングス","core","status=not_started, stars=2"
"debt","deepVerification.notApproved","9621","建設技術研究所","core","status=not_started, stars=2"
"debt","deepVerification.notApproved","9622","スペース","core","status=not_started, stars=2"
"debt","deepVerification.notApproved","9627","アインホールディングス","core","status=not_started, stars=3"
"debt","deepVerification.notApproved","9628","燦ホールディングス","core","status=not_started, stars=2"
"debt","deepVerification.notApproved","9633","東京テアトル","core","status=not_started, stars=2"
"debt","deepVerification.notApproved","9644","タナベコンサルティンググループ","core","status=not_started, stars=2"
"debt","deepVerification.notApproved","9663","ナガワ","core","status=not_started, stars=2"
"debt","deepVerification.notApproved","9672","東京都競馬","core","status=not_started, stars=2"
"debt","deepVerification.notApproved","9678","カナモト","core","status=not_started, stars=2"
"debt","deepVerification.notApproved","9684","スクウェア・エニックス・ホールディングス","core","status=not_started, stars=3"
"debt","deepVerification.notApproved","9697","カプコン","core","status=not_started, stars=2"
"debt","deepVerification.notApproved","9699","ニシオホールディングス","core","status=not_started, stars=3"
"debt","deepVerification.notApproved","9706","日本空港ビルデング","core","status=not_started, stars=2"
"debt","deepVerification.notApproved","9708","帝国ホテル","core","status=not_started, stars=3"
"debt","deepVerification.notApproved","9715","トランス・コスモス","core","status=not_started, stars=2"
"debt","deepVerification.notApproved","9716","乃村工藝社","core","status=not_started, stars=2"
"debt","deepVerification.notApproved","9722","藤田観光","core","status=not_started, stars=2"
"debt","deepVerification.notApproved","9729","トーカイ","core","status=not_started, stars=2"
"debt","deepVerification.notApproved","9735","セコム","core","status=not_started, stars=3"
"debt","deepVerification.notApproved","9740","セントラル警備保障","core","status=not_started, stars=2"
"debt","deepVerification.notApproved","9743","丹青社","core","status=not_started, stars=2"
"debt","deepVerification.notApproved","9744","メイテックグループホールディングス","core","status=not_started, stars=3"
"debt","deepVerification.notApproved","9755","応用地質","core","status=not_started, stars=2"
"debt","deepVerification.notApproved","9757","船井総研ホールディングス","core","status=not_started, stars=3"
"debt","deepVerification.notApproved","9759","ＮＳＤ","core","status=not_started, stars=2"
"debt","deepVerification.notApproved","9761","東海リース","core","status=not_started, stars=3"
"debt","deepVerification.notApproved","9765","オオバ","core","status=not_started, stars=2"
"debt","deepVerification.notApproved","9766","コナミグループ","core","status=not_started, stars=3"
"debt","deepVerification.notApproved","9769","学究社","core","status=not_started, stars=2"
"debt","deepVerification.notApproved","9788","ナック","core","status=not_started, stars=2"
"debt","deepVerification.notApproved","9793","ダイセキ","core","status=not_started, stars=2"
"debt","deepVerification.notApproved","9795","ステップ","core","status=not_started, stars=2"
"debt","deepVerification.notApproved","9816","ストライダーズ","core","status=not_started, stars=2"
"debt","deepVerification.notApproved","9820","エムティジェネックス","core","status=not_started, stars=2"
"debt","deepVerification.notApproved","9824","泉州電業","core","status=not_started, stars=2"
"debt","deepVerification.notApproved","9828","Ｇｅｎｋｉ　Ｇｌｏｂａｌ　Ｄｉｎｉｎｇ　Ｃｏｎｃｅｐｔｓ","core","status=not_started, stars=2"
"debt","deepVerification.notApproved","9830","トラスコ中山","core","status=not_started, stars=2"
"debt","deepVerification.notApproved","9831","ヤマダホールディングス","core","status=not_started, stars=3"
"debt","deepVerification.notApproved","9832","オートバックスセブン","core","status=not_started, stars=2"
"debt","deepVerification.notApproved","9842","アークランズ","core","status=not_started, stars=2"
"debt","deepVerification.notApproved","9843","ニトリホールディングス","core","status=not_started, stars=3"
"debt","deepVerification.notApproved","9845","パーカーコーポレーション","core","status=not_started, stars=2"
"debt","deepVerification.notApproved","9850","グルメ杵屋","core","status=not_started, stars=2"
"debt","deepVerification.notApproved","9861","吉野家ホールディングス","core","status=not_started, stars=3"
"debt","deepVerification.notApproved","9934","因幡電機産業","core","status=not_started, stars=2"
"debt","deepVerification.notApproved","9962","ミスミグループ本社","core","status=not_started, stars=3"
"debt","deepVerification.notApproved","9972","アルテック","core","status=not_started, stars=3"
"debt","deepVerification.notApproved","9983","ファーストリテイリング","core","status=not_started, stars=3"
"debt","deepVerification.notApproved","9984","ソフトバンクグループ","core","status=not_started, stars=3"
"debt","deepVerification.notApproved","9987","スズケン","core","status=not_started, stars=2"
"debt","deepVerification.notApproved","9989","サンドラッグ","core","status=not_started, stars=2"
